Per√≠odo,VAR01,VAR02,VAR03,VAR04,VAR06,VAR07,VAR10,VAR12,VAR16,VAR17,VAR18,VAR20,VAR21,VAR22,VAR23,VAR24,VAR25,VAR28,VAR31,VAR31c,VAR33,VAR34,GROUP
0.5714285714285714,0.05194805194805195,0.0,0.0,0.03146853146853147,0.0,0.0,0.0,0.0,0.0,0.0,0.15306122448979592,0.0,0.0,0.0,0.0,0.3653857142857143,0.2387259283334688,0.3275261324041812,0.3643835616438356,0.3818181818181817,0.0,0.2083333333333333,2
0.7142857142857143,0.006493506493506494,0.0,0.0,0.0,0.0,0.0,0.0,0.0,0.0,0.0,0.0,0.0,0.0,0.0,0.0,0.0,0.0,0.020905923344947737,0.010958904109589041,0.006060606060606061,0.0,0.0,1
0.42857142857142855,0.025974025974025976,0.0,0.0,0.01048951048951049,0.0,0.0,0.045454545454545456,0.0,0.0,0.0,0.08163265306122447,0.0,0.1,0.0,0.038461538461538464,0.07142857142857142,0.2646461363451694,0.06968641114982578,0.13150684931506848,0.2424242424242425,0.3333333333333333,0.08333333333333333,2
1.0,0.5454545454545454,0.0,0.0,0.0017482517482517485,0.0,0.0,0.0,0.0,0.0,0.4810725552050473,0.21428571428571427,0.0,0.0,0.0,0.07692307692307693,0.8571428571428571,0.3544730641098562,0.8013937282229965,0.8876712328767123,0.4484848484848485,0.6666666666666666,0.2083333333333333,0
0.2857142857142857,0.01948051948051948,0.0,0.06666666666666668,0.012237762237762238,0.0,0.0,0.09090909090909093,0.0,0.0,0.0998422712933754,0.2755102040816326,0.0,0.2,0.0,0.07692307692307693,0.35714285714285715,0.9263021044933778,0.2543554006968641,0.4136986301369863,0.5818181818181818,1.0,0.2083333333333333,4
0.42857142857142855,0.2077922077922078,0.0,0.17333333333333334,0.04370629370629369,0.0,0.0,0.13636363636363635,0.0,0.0,0.01577287066246057,0.6224489795918368,0.0,0.2,0.0,0.0,0.42857142857142855,0.2909726172097181,0.11498257839721256,0.4273972602739726,0.4060606060606061,0.3333333333333333,0.16666666666666666,0
0.2857142857142857,0.07792207792207792,0.0,0.0,0.0,0.0,0.0,0.0,0.0,0.0,0.14195583596214512,0.08163265306122447,0.0,0.15,0.0,0.07692307692307693,0.07142857142857142,0.8899406841634843,0.05226480836236934,0.1178082191780822,0.1696969696969697,0.6666666666666666,0.08333333333333333,4
1.0,0.07142857142857142,0.0,0.0,0.0,0.0,0.0,0.0,0.0,0.0,0.13406940063091485,0.0,0.0,0.0,0.0,0.0,0.07142857142857142,0.0,0.055749128919860634,0.08493150684931508,0.11515151515151514,0.6666666666666666,0.0,2
0.0,0.2272727272727273,0.0,1.0,1.0,0.0,0.0,0.8636363636363636,0.0,0.0,0.1498422712933754,0.3877551020408163,0.0,0.0,0.0,0.0,0.6428571428571429,0.10973429755423744,0.8118466898954704,0.673972602739726,0.5575757575757576,0.6666666666666666,0.16666666666666666,0
0.42857142857142855,0.09090909090909093,0.0,0.0,0.0,0.0,0.0,0.0,0.0,0.0,0.007886435331230283,0.051020408163265314,0.0,0.0,0.0,0.0,0.0,0.17217843503697086,0.055749128919860634,0.0410958904109589,0.07272727272727272,0.6666666666666666,0.041666666666666664,2
0.42857142857142855,0.012987012987012988,0.0,0.0,0.005244755244755245,0.0,0.0,0.045454545454545456,0.0,0.0,0.0,0.0,0.0,0.0,0.0,0.0,0.0,0.0,0.010452961672473868,0.03561643835616438,0.07272727272727272,0.0,0.0,1
1.0,0.01948051948051948,0.0,0.0,0.0,0.0,0.0,0.0,0.0,0.0,0.26025236593059936,0.0,0.0,0.0,0.0,0.0,0.0,0.0,0.08710801393728224,0.0547945205479452,0.09696969696969696,0.6666666666666666,0.0,2
0.42857142857142855,0.0,0.0,0.0,0.0,0.0,0.0,0.0,0.0,0.0,0.0,0.0,0.0,0.0,0.0,0.0,0.0,0.0,0.020905923344947737,0.0,0.0,0.0,0.0,1
0.5714285714285714,0.03896103896103896,0.0,0.0,0.0017482517482517485,0.0,0.0,0.0,0.0,0.0,0.4288643533123029,0.010204081632653059,0.0,0.15,0.0,0.07692307692307693,0.12362857142857142,0.0,0.11149825783972124,0.1232876712328767,0.10303030303030304,0.6666666666666666,0.0,2
0.0,0.06493506493506493,0.0,0.0,0.0017482517482517485,0.0,0.0,0.0,0.0,0.0,0.5261829652996846,0.09183673469387756,0.0,0.05,0.0,0.038461538461538464,0.0824142857142857,0.2905663443568701,0.07317073170731707,0.0821917808219178,0.09090909090909093,0.6666666666666666,0.16666666666666666,3
0.0,0.032467532467532464,0.0,0.013333333333333334,0.0034965034965034965,0.0,0.0,0.0,0.0,0.0,0.3864353312302839,0.1326530612244898,0.0,0.0,0.0,0.0,0.14285714285714285,0.3198586170472089,0.1602787456445993,0.19452054794520549,0.22424242424242424,0.6666666666666666,0.16666666666666666,3
0.42857142857142855,0.11688311688311688,0.0,0.0,0.0034965034965034965,0.0,0.0,0.09090909090909093,0.0,0.0,0.08675078864353312,0.1326530612244898,0.0,0.0,0.0,0.0,0.14285714285714285,0.3245713821402454,0.11846689895470384,0.14794520547945206,0.15757575757575756,0.6666666666666666,0.16666666666666666,2
0.5714285714285714,0.05844155844155844,0.0,0.013333333333333334,0.0017482517482517485,0.0,0.0,0.0,0.0,0.0,0.48438485804416404,0.2857142857142857,0.0,0.25,0.0,0.1153846153846154,0.26922857142857143,0.2969448281465833,0.21602787456446,0.2684931506849315,0.2787878787878788,0.6666666666666666,0.16666666666666666,2
0.5714285714285714,0.0974025974025974,0.0,0.0,0.1993006993006993,0.0,0.0,0.2727272727272727,0.0,0.0,0.0,0.17346938775510204,0.0,0.0,0.0,0.0,0.35714285714285715,0.3686519866742504,0.1672473867595819,0.3863013698630137,0.4303030303030303,0.0,0.16666666666666666,2
0.42857142857142855,0.0974025974025974,0.0,0.0,0.0,0.0,0.0,0.0,0.0,0.0,0.3075709779179811,0.08163265306122447,0.0,0.0,0.0,0.0,0.07142857142857142,0.2568863248557731,0.0975609756097561,0.11232876712328768,0.1696969696969697,0.6666666666666666,0.125,2
0.0,0.03896103896103896,0.0,0.02666666666666667,0.04370629370629369,0.0,0.0,0.0,1.0,0.0,0.008990536277602523,0.12244897959183673,0.0,0.3,0.25,0.0,0.09065714285714288,0.3217274721703096,0.05226480836236934,0.0904109589041096,0.1393939393939394,0.6666666666666666,0.08333333333333333,3
0.42857142857142855,0.006493506493506494,0.0,0.013333333333333334,0.0017482517482517485,0.0,0.0,0.0,0.0,0.0,0.0,0.0,0.0,0.0,0.0,0.0,0.0,0.0,0.020905923344947737,0.0027397260273972607,0.006060606060606061,0.0,0.0,1
0.0,0.01948051948051948,0.0,0.10666666666666667,0.026223776223776224,0.0,0.0,0.18181818181818185,0.0,0.0,0.0,0.030612244897959183,0.0,0.0,0.0,0.0,0.0,0.0,0.06968641114982578,0.052054794520547946,0.060606060606060615,0.0,0.0,1
1.0,0.0974025974025974,0.0,0.0,0.0,0.0,0.0,0.0,0.0,0.0,0.22870662460567825,0.15306122448979592,0.0,0.0,0.0,0.07692307692307693,0.21428571428571427,0.3375721134313805,0.11846689895470384,0.2136986301369863,0.2787878787878788,0.6666666666666666,0.16666666666666666,2
0.7142857142857143,0.07792207792207792,0.125,0.18666666666666668,0.045454545454545456,0.0,0.0,0.13636363636363635,0.0,0.5,0.07886435331230282,0.30612244897959184,0.0,0.1,0.0,0.07692307692307693,0.2857142857142857,0.9412123181928984,0.1916376306620209,0.3013698630136986,0.4909090909090909,0.3333333333333333,0.16666666666666666,4
0.2857142857142857,0.05844155844155844,0.125,0.0,0.0017482517482517485,0.0,0.0,0.0,0.0,0.0,0.03943217665615142,0.1836734693877551,0.0,0.1,0.0,0.07692307692307693,0.14285714285714285,0.8456975704883399,0.0940766550522648,0.1863013698630137,0.2545454545454545,0.6666666666666666,0.08333333333333333,4
0.0,0.0,0.0,0.0,0.0,0.0,0.0,0.0,0.0,0.0,0.0,0.0,0.0,0.0,0.0,0.0,0.0,0.0,0.020905923344947737,0.0,0.0,0.0,0.0,1
0.7142857142857143,0.025974025974025976,0.0,0.12,0.022727272727272728,0.0,0.0,0.0,0.0,0.0,0.11041009463722397,0.3979591836734694,0.0,0.25,0.0,0.07692307692307693,0.42857142857142855,0.9636792069553912,0.1986062717770035,0.4876712328767123,0.6363636363636364,1.0,0.16666666666666666,4
0.2857142857142857,0.006493506493506494,0.0,0.0,0.0,0.0,0.0,0.0,0.0,0.0,0.0,0.0,0.0,0.0,0.0,0.0,0.0,0.0,0.0313588850174216,0.0136986301369863,0.030303030303030307,0.0,0.0,1
1.0,0.08441558441558443,0.0,0.0,0.0,0.0,0.0,0.0,0.0,0.0,0.04731861198738172,0.040816326530612235,0.0,0.1,0.0,0.038461538461538464,0.0,0.30945803201430083,0.024390243902439025,0.052054794520547946,0.09090909090909093,0.3333333333333333,0.08333333333333333,2
0.0,0.05844155844155844,0.0,0.0,0.0017482517482517485,0.0,0.0,0.045454545454545456,0.0,0.0,0.22082018927444802,0.07142857142857142,0.0,0.0,0.0,0.0,0.14285714285714285,0.05265296172909727,0.15331010452961671,0.1863013698630137,0.14545454545454545,0.3333333333333333,0.041666666666666664,3
0.42857142857142855,0.3181818181818182,0.0,0.0,0.026223776223776224,0.0,0.0,0.045454545454545456,0.0,0.0,0.13406940063091485,0.15306122448979592,0.0,0.0,0.0,0.0,0.35714285714285715,0.3952628585357927,0.09059233449477352,0.3753424657534247,0.5030303030303029,0.6666666666666666,0.16666666666666666,2
0.0,0.01948051948051948,0.125,0.05333333333333334,0.07167832167832168,0.0,0.0,0.09090909090909093,0.0,0.0,0.5011041009463723,0.8877551020408163,0.0,0.25,0.1875,0.0,0.3901071428571429,0.2593645892581458,0.4738675958188153,0.38904109589041097,0.3636363636363637,0.6666666666666666,0.6666666666666666,0
0.42857142857142855,0.08441558441558443,0.0,0.0,0.026223776223776224,0.0,0.0,0.13636363636363635,0.0,0.0,0.0,0.4183673469387755,0.0,0.0,0.0,0.0,0.21428571428571427,0.4237425855204355,0.0940766550522648,0.2410958904109589,0.3090909090909091,0.6666666666666666,0.16666666666666666,2
1.0,0.025974025974025976,0.0,0.0,0.006993006993006993,0.0,0.0,0.045454545454545456,0.0,0.0,0.0,0.07142857142857142,0.0,0.0,0.0,0.0,0.07142857142857142,0.3270090192573332,0.12195121951219512,0.0958904109589041,0.14545454545454545,0.0,0.125,2
0.5714285714285714,0.07142857142857142,0.0,0.0,0.01048951048951049,0.0,0.0,0.045454545454545456,0.0,0.0,0.0,0.061224489795918366,0.0,0.0,0.0,0.0,0.07417857142857143,0.011050621597464859,0.10801393728222997,0.07397260273972603,0.09696969696969696,0.0,0.041666666666666664,1
0.0,0.18181818181818185,0.0,0.2533333333333333,0.11713286713286715,0.0,0.0,0.3636363636363637,0.0,0.0,0.522397476340694,0.1326530612244898,0.0,0.05,0.25,0.038461538461538464,0.20604285714285714,0.19423905094661573,0.20905923344947736,0.2054794520547945,0.22424242424242424,0.6666666666666666,0.125,3
0.2857142857142857,0.7402597402597403,0.125,0.08,0.04370629370629369,0.0,0.0,0.2727272727272727,0.0,0.0,0.023659305993690854,0.7040816326530612,0.0,0.0,0.0,0.0,0.5714285714285714,0.39018444787519296,0.3310104529616725,0.6328767123287671,0.6545454545454545,0.6666666666666666,0.16666666666666666,0
0.0,0.07142857142857142,0.0,0.0,0.0,0.0,0.0,0.0,0.0,0.0,0.3353312302839117,0.051020408163265314,0.0,0.1,0.0625,0.07692307692307693,0.19505714285714285,0.2255626879011945,0.12195121951219512,0.19452054794520549,0.18181818181818185,0.6666666666666666,0.125,3
0.42857142857142855,0.24025974025974026,0.0,0.0,0.0,0.0,0.0,0.0,0.0,0.0,0.37066246056782337,0.17346938775510204,0.0,0.0,0.0,0.0,0.07142857142857142,0.2462013488258715,0.1254355400696864,0.136986301369863,0.17575757575757575,0.6666666666666666,0.08333333333333333,2
0.7142857142857143,0.4220779220779221,0.0,0.09333333333333334,0.02797202797202797,0.0,0.0,0.0,0.0,0.0,0.09463722397476344,0.16326530612244894,0.0,0.15,0.0,0.038461538461538464,0.2857142857142857,0.9924026976517428,0.1254355400696864,0.3041095890410959,0.4787878787878788,0.6666666666666666,0.16666666666666666,4
1.0,0.05844155844155844,0.25,0.0,0.026223776223776224,0.0,0.0,0.09090909090909093,0.0,0.0,0.1813880126182965,0.16326530612244894,0.0,0.0,0.0,0.07692307692307693,0.2857142857142857,0.2899975623628829,0.2264808362369338,0.3123287671232877,0.4,0.6666666666666666,0.16666666666666666,2
0.0,0.03896103896103896,0.125,0.0,0.0017482517482517485,0.0,0.0,0.0,0.0,0.0,0.0017350157728706626,0.030612244897959183,0.0,0.05,0.0,0.0,4.120714285714285e-06,0.12403510197448607,0.055749128919860634,0.0410958904109589,0.03636363636363636,0.3333333333333333,0.041666666666666664,1
0.42857142857142855,0.1038961038961039,0.0,0.0,0.0017482517482517485,0.0,0.0,0.0,0.0,0.0,0.07097791798107256,0.22448979591836726,0.0,0.0,0.1875,0.07692307692307693,0.35714285714285715,0.3818964816770943,0.24390243902439024,0.3561643835616438,0.5151515151515151,0.6666666666666666,0.125,2
0.42857142857142855,0.032467532467532464,0.0,0.0,0.0,0.0,0.0,0.0,0.0,0.5,0.0,0.0,0.0,0.0,0.0,0.0,0.0,0.0,0.024390243902439025,0.0273972602739726,0.03636363636363636,0.0,0.0,1
0.42857142857142855,0.025974025974025976,0.0,0.02666666666666667,0.0034965034965034965,0.0,0.0,0.0,0.0,0.0,0.0,0.16326530612244894,0.0,0.0,0.0,0.0,0.07142857142857142,0.304013975786138,0.05923344947735192,0.07945205479452055,0.11515151515151514,0.0,0.08333333333333333,1
0.42857142857142855,0.01948051948051948,0.0,0.09333333333333334,0.015734265734265736,0.0,0.0,0.0,0.0,0.0,0.06309148264984228,0.15306122448979592,0.0,0.5,0.0,0.0,0.14285714285714285,0.2574957341350451,0.055749128919860634,0.19452054794520549,0.29696969696969705,0.3333333333333333,0.2083333333333333,2
0.42857142857142855,0.032467532467532464,0.0,0.013333333333333334,0.0472027972027972,0.0,0.0,0.13636363636363635,0.0,0.0,0.04731861198738172,0.15306122448979592,0.0,0.05,0.0,0.038461538461538464,0.21428571428571427,0.2761842853660519,0.3728222996515679,0.27945205479452057,0.3636363636363637,0.3333333333333333,0.08333333333333333,2
0.5714285714285714,0.2012987012987013,0.0,0.0,0.005244755244755245,0.0,0.0,0.0,0.0,0.0,0.0022082018927444807,0.15306122448979592,0.0,0.05,0.0,0.038461538461538464,0.17857142857142858,0.3328187210530593,0.1986062717770035,0.1780821917808219,0.1393939393939394,0.3333333333333333,0.16666666666666666,2
0.0,0.05844155844155844,0.0,0.0,0.050699300699300696,0.0,0.0,0.045454545454545456,0.75,0.0,0.05425867507886435,0.22448979591836726,0.0,0.1,1.0,0.0,0.2637357142857143,0.21873730397334853,0.14285714285714285,0.26301369863013696,0.21818181818181812,0.6666666666666666,0.2916666666666667,3
0.42857142857142855,0.0,0.0,0.0,0.0,0.0,0.0,0.0,0.0,0.0,0.0,0.0,0.0,0.0,0.0,0.0,0.0,0.0,0.020905923344947737,0.0,0.0,0.0,0.0,1
0.42857142857142855,0.01948051948051948,0.0,0.0,0.0034965034965034965,0.0,0.0,0.0,0.0,0.5,0.4100946372239748,0.3469387755102041,0.0,0.0,0.0,0.0,0.42857142857142855,0.2834159421467458,0.30313588850174217,0.4767123287671233,0.4787878787878788,0.6666666666666666,0.2083333333333333,0
0.2857142857142857,0.01948051948051948,0.0,0.013333333333333334,0.0017482517482517485,0.0,0.0,0.0,0.0,0.0,0.0,0.0,0.0,0.0,0.0,0.0,0.0,0.0,0.04878048780487805,0.030136986301369864,0.054545454545454536,0.0,0.0,1
0.42857142857142855,0.05194805194805195,0.0,0.0,0.0,0.0,0.0,0.0,0.0,0.0,0.0,0.24489795918367346,0.0,0.05,0.0,0.038461538461538464,0.07142857142857142,0.3255464369870805,0.04878048780487805,0.13972602739726028,0.21212121212121213,0.3333333333333333,0.16666666666666666,2
0.2857142857142857,1.0,0.0,0.22666666666666666,0.0576923076923077,0.0,0.0,0.09090909090909093,0.0,0.0,0.06309148264984228,0.32653061224489793,0.0,0.0,0.0,0.0,0.5714285714285714,0.2811001868855123,0.31010452961672474,0.6219178082191781,0.7090909090909091,0.6666666666666666,0.125,0
0.0,0.01948051948051948,0.125,0.0,0.2272727272727273,0.0,0.0,0.2727272727272727,0.5,0.0,0.007886435331230283,0.30612244897959184,0.0,0.1,0.125,0.038461538461538464,0.7170357142857143,0.32205249045258794,0.9128919860627178,0.7150684931506849,0.3757575757575757,0.3333333333333333,0.375,0
0.2857142857142857,0.045454545454545456,0.0,0.0,0.0,0.0,0.0,0.0,0.0,0.0,0.2917981072555205,0.09183673469387756,0.0,0.0,0.0,0.0,0.07142857142857142,0.3132769968310717,0.04529616724738676,0.10684931506849316,0.17575757575757575,0.6666666666666666,0.16666666666666666,3
0.0,0.05194805194805195,0.0,0.0,0.0034965034965034965,0.0,0.0,0.0,0.0,0.0,0.0036277602523659314,0.051020408163265314,0.0,0.05,0.5,0.0,4.945e-06,0.07914195173478507,0.05226480836236934,0.04931506849315069,0.054545454545454536,0.3333333333333333,0.041666666666666664,1
0.42857142857142855,0.14285714285714285,0.0,0.0,0.006993006993006993,0.0,0.0,0.09090909090909093,0.0,0.5,0.0,0.2755102040816326,0.0,0.0,0.0,0.0,0.35714285714285715,0.3912407572925977,0.0313588850174216,0.4054794520547945,0.5696969696969697,0.3333333333333333,0.16666666666666666,5
0.0,0.045454545454545456,0.0,0.21333333333333326,0.04020979020979022,0.0,0.0,0.045454545454545456,0.0,0.0,0.5529968454258676,0.1020408163265306,0.0,0.05,0.0,0.038461538461538464,0.19505714285714285,0.2767124400747542,0.17421602787456447,0.19452054794520549,0.18181818181818185,0.6666666666666666,0.16666666666666666,3
0.42857142857142855,0.11038961038961036,0.0,0.04,0.045454545454545456,0.0,0.0,0.18181818181818185,0.0,1.0,0.0,0.1836734693877551,0.0,0.0,0.0,0.0,0.2857142857142857,0.36150158446412617,0.2578397212543554,0.3095890410958904,0.5151515151515151,0.0,0.2083333333333333,5
0.42857142857142855,0.18831168831168832,0.0,0.0,0.0,0.0,0.0,0.0,0.0,0.0,0.04731861198738172,0.061224489795918366,0.0,0.1,0.0,0.038461538461538464,0.07142857142857142,0.3200211261883481,0.0975609756097561,0.11506849315068493,0.18181818181818185,0.3333333333333333,0.08333333333333333,2
0.42857142857142855,0.12987012987012986,0.0,0.0,0.0,0.0,0.0,0.0,0.0,0.0,0.11041009463722397,0.17346938775510204,0.0,0.0,0.125,0.07692307692307693,0.14285714285714285,0.3758430161696596,0.21254355400696864,0.21095890410958906,0.21212121212121213,0.6666666666666666,0.2916666666666667,2
0.42857142857142855,0.12987012987012986,0.0,0.0,0.0,0.0,0.0,0.0,0.0,0.0,0.3627760252365931,0.07142857142857142,0.0,0.0,0.0,0.07692307692307693,0.07142857142857142,0.2726903388315593,0.0313588850174216,0.12876712328767126,0.1393939393939394,0.6666666666666666,0.125,2
0.0,0.12337662337662338,0.0,0.13333333333333333,0.04370629370629369,0.0,0.0,0.13636363636363635,0.0,0.0,0.34053627760252364,0.07142857142857142,0.0,0.2,0.375,0.07692307692307693,0.2252714285714285,0.22227187779312588,0.17421602787456447,0.22465753424657534,0.2484848484848485,0.6666666666666666,0.125,3
0.2857142857142857,0.4155844155844156,0.0,0.0,0.033216783216783216,0.0,0.0,0.0,0.0,0.0,0.01577287066246057,0.1836734693877551,0.0,0.15,0.0,0.07692307692307693,0.42857142857142855,0.9170390834484442,0.2787456445993031,0.4602739726027397,0.5333333333333333,0.6666666666666666,0.125,4
0.0,0.2987012987012987,0.0,0.0,0.0576923076923077,0.0,0.0,0.0,0.0,0.0,0.0061514195583596215,0.11224489795918367,0.0,0.1,0.0,0.0,0.3956071428571429,0.2560331518647924,0.5087108013937283,0.3945205479452055,0.3878787878787879,0.6666666666666666,0.16666666666666666,3
0.42857142857142855,0.3896103896103896,0.375,0.0,0.2954545454545455,0.0,0.0,0.6363636363636364,0.0,0.0,0.3943217665615142,0.3673469387755102,0.0,0.0,0.0,0.0,0.6428571428571429,0.35682944665637445,0.4355400696864111,0.7013698630136986,0.703030303030303,0.6666666666666666,0.2083333333333333,0
0.42857142857142855,0.025974025974025976,0.0,0.0,0.015734265734265736,0.0,0.0,0.0,0.0,0.0,0.0,0.12244897959183673,0.0,0.0,0.0,0.07692307692307693,0.21428571428571427,0.3557731372389697,0.11846689895470384,0.273972602739726,0.3272727272727273,0.6666666666666666,0.08333333333333333,2
0.8571428571428571,0.0,0.0,0.0,0.0,0.0,0.0,0.0,0.0,0.0,0.0,0.0,0.0,0.0,0.0,0.0,0.0,0.0,0.020905923344947737,0.0,0.0,0.0,0.0,1
0.42857142857142855,0.05194805194805195,0.0,0.0,0.0,0.0,0.0,0.0,0.0,1.0,0.0,0.1020408163265306,0.0,0.0,0.0,0.0,0.07142857142857142,0.3827090273827903,0.06620209059233449,0.10136986301369864,0.09090909090909093,0.0,0.125,5
0.42857142857142855,0.0,0.0,0.0,0.0,0.0,0.0,0.0,0.0,0.0,0.0,0.0,0.0,0.0,0.0,0.0,0.0,0.0,0.020905923344947737,0.0,0.0,0.0,0.0,1
0.0,0.032467532467532464,0.0,0.12,0.019230769230769232,0.0,0.0,0.09090909090909093,0.25,0.0,1.0,0.16326530612244894,0.0,0.0,0.1875,0.0,0.11812857142857144,0.15418054765580566,0.0975609756097561,0.1178082191780822,0.13333333333333333,0.3333333333333333,0.16666666666666666,3
0.0,0.3831168831168831,0.0,0.08,0.20104895104895104,0.0,0.0,1.0,0.0,0.0,0.0,0.0,0.0,0.0,0.0,0.0,0.6428571428571429,0.0,0.2578397212543554,0.7095890410958904,0.5272727272727272,0.0,0.0,0
0.2857142857142857,0.025974025974025976,0.0,0.08,0.022727272727272728,0.0,0.0,0.0,0.0,0.0,0.4968454258675079,0.7142857142857143,0.0,0.0,0.0,0.0,0.5,0.274356057528236,0.3588850174216028,0.5150684931506849,0.5454545454545454,0.6666666666666666,0.16666666666666666,0
1.0,0.0974025974025974,0.0,0.0,0.0034965034965034965,0.0,0.0,0.0,0.0,0.0,0.28391167192429023,0.12244897959183673,0.0,0.05,0.0,0.038461538461538464,0.07142857142857142,0.0,0.055749128919860634,0.11232876712328768,0.16363636363636366,0.3333333333333333,0.08333333333333333,2
0.2857142857142857,0.006493506493506494,0.0,0.0,0.0,0.0,0.0,0.0,0.0,0.0,0.0,0.0,0.0,0.0,0.0,0.0,0.0,0.0,0.020905923344947737,0.0027397260273972607,0.006060606060606061,0.0,0.0,1
0.42857142857142855,0.045454545454545456,0.125,0.05333333333333334,0.012237762237762238,0.0,0.0,0.045454545454545456,0.0,0.0,0.06309148264984228,0.30612244897959184,0.0,0.05,0.0,0.0,0.07142857142857142,0.3154708702364508,0.14982578397212545,0.12602739726027398,0.18787878787878787,0.3333333333333333,0.2916666666666667,2
0.42857142857142855,0.1948051948051948,0.0,0.0,0.008741258741258742,0.0,0.0,0.13636363636363635,0.0,0.0,0.031545741324921134,0.1326530612244898,0.0,0.1,0.0,0.038461538461538464,0.07142857142857142,0.24177297472982856,0.08710801393728224,0.10684931506849316,0.15757575757575756,0.3333333333333333,0.08333333333333333,2
0.8571428571428571,0.032467532467532464,0.0,0.09333333333333334,0.012237762237762238,0.0,0.0,0.0,0.0,0.0,0.0,0.12244897959183673,0.0,0.05,0.0,0.0,0.14285714285714285,0.2717965385552938,0.15331010452961671,0.18904109589041096,0.2545454545454545,0.3333333333333333,0.08333333333333333,2
0.8571428571428571,0.045454545454545456,0.0,0.04,0.02972027972027972,0.0,0.0,0.13636363636363635,0.0,0.0,0.03943217665615142,0.1326530612244898,0.0,0.1,0.0,0.07692307692307693,0.5,0.8527260908426099,0.5958188153310104,0.5616438356164384,0.496969696969697,0.6666666666666666,0.08333333333333333,4
1.0,0.01948051948051948,0.0,0.0,0.0,0.0,0.0,0.0,0.0,0.0,0.007886435331230283,0.0,0.0,0.0,0.0,0.07692307692307693,0.0,0.0,0.055749128919860634,0.06027397260273973,0.10303030303030304,0.6666666666666666,0.0,2
1.0,0.05844155844155844,0.0,0.0,0.038461538461538464,0.0,0.0,0.045454545454545456,0.0,0.0,0.2365930599369085,0.2551020408163265,0.5,0.0,0.1875,0.0,0.21428571428571427,0.33948159583976595,0.08362369337979095,0.273972602739726,0.26666666666666666,0.6666666666666666,0.2083333333333333,2
1.0,0.0,0.0,0.0,0.0,0.0,0.0,0.0,0.0,0.0,0.0,0.0,0.0,0.0,0.0,0.0,0.0,0.0,0.020905923344947737,0.0,0.0,0.0,0.0,1
0.2857142857142857,0.05194805194805195,0.0,0.0,0.0,0.0,0.0,0.0,0.0,0.0,0.0,0.19387755102040816,0.0,0.05,0.0,0.038461538461538464,0.14285714285714285,0.9500284390996996,0.2369337979094077,0.21095890410958906,0.3333333333333333,0.3333333333333333,0.16666666666666666,4
0.42857142857142855,0.03896103896103896,0.0,0.0,0.0017482517482517485,0.0,0.0,0.0,0.0,0.0,0.3312302839116719,0.09183673469387756,0.0,0.0,0.0,0.0,0.21428571428571427,0.30084504753392377,0.10801393728222997,0.2602739726027397,0.4303030303030303,1.0,0.125,3
0.14285714285714285,0.0,0.0,0.0,0.0,0.0,0.0,0.0,0.0,0.0,0.0,0.0,0.0,0.0,0.0,0.0,0.0,0.0,0.020905923344947737,0.0,0.0,0.0,0.0,1
0.5714285714285714,0.13636363636363635,0.0,0.0,0.050699300699300696,0.0,0.0,0.18181818181818185,0.0,0.0,0.01577287066246057,0.3775510204081632,0.0,0.0,0.0,0.0,0.35714285714285715,0.3414723328187211,0.05226480836236934,0.3945205479452055,0.5818181818181818,0.6666666666666666,0.25,2
0.2857142857142857,0.07142857142857142,0.0,0.013333333333333334,0.005244755244755245,0.0,0.0,0.045454545454545456,0.0,0.0,0.26025236593059936,0.16326530612244894,0.0,0.0,0.0,0.0,0.07142857142857142,0.3573576013650768,0.04878048780487805,0.10684931506849316,0.17575757575757575,0.6666666666666666,0.2083333333333333,3
0.42857142857142855,0.05194805194805195,0.0,0.0,0.0034965034965034965,0.0,0.0,0.045454545454545456,0.0,0.0,0.13406940063091485,0.17346938775510204,0.0,0.0,0.0,0.0,0.07142857142857142,0.3468757617615991,0.09059233449477352,0.1178082191780822,0.19393939393939394,0.6666666666666666,0.2083333333333333,2
0.42857142857142855,0.03896103896103896,0.125,0.0,0.013986013986013986,0.0,0.0,0.045454545454545456,0.0,0.0,0.5757097791798107,0.21428571428571427,0.0,0.0,0.0,0.0,0.2857142857142857,0.38490290078816936,0.30313588850174217,0.3013698630136986,0.34545454545454546,0.6666666666666666,0.3333333333333333,3
0.5714285714285714,0.0974025974025974,0.0,0.05333333333333334,0.01048951048951049,0.0,0.0,0.0,0.5,0.0,0.35694006309148263,0.20408163265306128,0.0,0.1,0.4375,0.07692307692307693,0.31044285714285713,0.31473957910132444,0.2264808362369338,0.3095890410958904,0.29696969696969705,0.6666666666666666,0.16666666666666666,3
0.0,0.0,0.0,0.0,0.0,0.0,0.0,0.0,0.0,0.0,0.0,0.0,0.0,0.0,0.0,0.0,0.0,0.0,0.020905923344947737,0.0,0.0,0.0,0.0,1
0.2857142857142857,0.5909090909090909,0.0,0.0,0.0,0.0,0.0,0.0,0.0,0.0,0.6545741324921136,0.19387755102040816,0.0,0.2,0.0,0.07692307692307693,0.2857142857142857,0.8803932721215568,0.21602787456446,0.3150684931506849,0.4424242424242424,0.6666666666666666,0.16666666666666666,4
0.2857142857142857,0.032467532467532464,0.0,0.013333333333333334,0.008741258741258742,0.0,0.0,0.045454545454545456,0.0,0.0,0.0998422712933754,0.14285714285714285,0.0,0.2,0.0,0.07692307692307693,0.35714285714285715,0.9180141382952792,0.30662020905923343,0.3561643835616438,0.4727272727272727,1.0,0.2083333333333333,4
0.2857142857142857,0.012987012987012988,0.0,0.0,0.0,0.0,0.0,0.0,0.0,0.0,0.0,0.0,0.0,0.0,0.0,0.0,0.0,0.0,0.04529616724738676,0.03287671232876712,0.054545454545454536,0.0,0.0,1
0.42857142857142855,0.006493506493506494,0.0,0.0,0.0,0.0,0.0,0.0,0.0,0.0,0.0,0.0,0.0,0.0,0.0,0.0,0.0,0.0,0.020905923344947737,0.0027397260273972607,0.006060606060606061,0.0,0.0,1
0.0,0.045454545454545456,0.0,0.12,0.026223776223776224,0.0,0.0,0.045454545454545456,0.0,0.0,0.4100946372239748,0.42857142857142855,1.0,0.0,0.0,0.0,0.35714285714285715,0.31920858048265216,0.4564459930313589,0.3616438356164384,0.3939393939393939,0.6666666666666666,0.25,3
0.2857142857142857,0.025974025974025976,0.0,0.0,0.0,0.0,0.0,0.0,0.0,0.0,0.0,0.0,0.0,0.0,0.0,0.0,0.0,0.0,0.0313588850174216,0.03287671232876712,0.03636363636363636,0.0,0.0,1
0.8571428571428571,0.24025974025974026,1.0,0.05333333333333334,0.1048951048951049,0.0,0.0,0.0,0.0,0.0,0.16561514195583596,0.5204081632653061,0.0,0.25,0.0,0.1153846153846154,0.42857142857142855,0.9608759242707402,0.3344947735191638,0.4712328767123288,0.496969696969697,0.6666666666666666,0.2083333333333333,4
0.2857142857142857,0.18831168831168832,0.0,0.0,0.0,0.0,0.0,0.0,0.0,0.0,0.12618296529968456,0.051020408163265314,0.0,0.0,0.0,0.0,0.14285714285714285,0.0,0.1602787456445993,0.16986301369863013,0.30303030303030304,0.3333333333333333,0.0,1
0.0,0.006493506493506494,0.0,0.0,0.0,0.0,0.0,0.0,0.0,0.0,0.0,0.0,0.0,0.0,0.0,0.0,2.75e-07,0.1343138051515398,0.020905923344947737,0.0027397260273972607,0.006060606060606061,0.0,0.041666666666666664,1
0.0,0.14935064935064934,0.0,0.4,0.06818181818181818,0.0,0.0,0.0,0.0,0.0,0.22082018927444802,0.14285714285714285,0.0,0.0,0.0,0.0,0.2857142857142857,0.15259608352969856,0.07665505226480836,0.3150684931506849,0.4060606060606061,0.3333333333333333,0.125,3
0.0,0.032467532467532464,0.0,0.0,0.05244755244755245,0.0,0.0,0.045454545454545456,0.0,0.0,0.1831230283911672,0.07142857142857142,0.0,0.05,0.0,0.0,0.14560714285714285,0.18664174859835864,0.11149825783972124,0.14520547945205478,0.21818181818181812,0.6666666666666666,0.16666666666666666,3
0.42857142857142855,0.09090909090909093,0.0,0.0,0.0,0.0,0.0,0.0,0.0,0.5,0.4968454258675079,0.16326530612244894,0.0,0.0,0.0625,0.0,0.2857142857142857,0.2646461363451694,0.4181184668989547,0.32602739726027397,0.4303030303030303,0.6666666666666666,0.16666666666666666,3
1.0,0.07792207792207792,0.0,0.0,0.0034965034965034965,0.0,0.0,0.045454545454545456,0.0,0.0,0.5047318611987381,0.08163265306122447,0.0,0.0,0.0,0.15384615384615385,0.0,0.17591614528317218,0.05923344947735192,0.0547945205479452,0.08484848484848485,0.3333333333333333,0.125,2
0.14285714285714285,0.05194805194805195,0.0,0.0,0.21503496503496505,0.0,0.0,0.5,0.0,0.0,0.0,0.3163265306122449,0.0,0.0,0.0,0.0,0.14285714285714285,0.3149020882424637,0.07665505226480836,0.1808219178082192,0.2,0.0,0.375,1
0.5714285714285714,0.006493506493506494,0.0,0.0,0.006993006993006993,0.0,0.0,0.0,0.25,0.0,0.0,0.0,0.0,0.0,0.0625,0.0,2.1978571428571426e-06,0.0,0.020905923344947737,0.021917808219178082,0.048484848484848485,0.0,0.0,1
0.42857142857142855,0.025974025974025976,0.0,0.0,0.0,0.0,0.0,0.0,0.0,0.0,0.2996845425867508,0.09183673469387756,0.0,0.1,0.0,0.038461538461538464,0.07142857142857142,0.3166896887949948,0.1254355400696864,0.13150684931506848,0.21212121212121213,0.3333333333333333,0.125,2
0.2857142857142857,0.2792207792207792,0.0,0.0,0.0017482517482517485,0.0,0.0,0.0,0.0,0.0,0.04731861198738172,0.21428571428571427,0.0,0.15,0.0,0.07692307692307693,0.21428571428571427,0.963963597952385,0.0975609756097561,0.2684931506849315,0.3272727272727273,0.6666666666666666,0.16666666666666666,4
1.0,0.01948051948051948,0.0,0.12,0.022727272727272728,0.0,0.0,0.045454545454545456,0.0,0.0,0.048422712933753935,0.3469387755102041,0.0,0.1,0.0,0.0,0.27472857142857143,0.21849354026163967,0.2613240418118467,0.273972602739726,0.3272727272727273,0.6666666666666666,0.2916666666666667,2
0.42857142857142855,0.032467532467532464,0.0,0.0,0.0,0.0,0.0,0.0,0.0,0.0,0.0,0.0,0.0,0.0,0.0,0.0,0.0,0.0,0.04878048780487805,0.0547945205479452,0.06666666666666668,0.0,0.0,1
0.0,0.0,0.0,0.0,0.0,0.0,0.0,0.0,0.0,0.0,0.0,0.0,0.0,0.0,0.0,0.0,0.0,0.12821971235882018,0.020905923344947737,0.0,0.0,0.0,0.041666666666666664,1
0.42857142857142855,0.025974025974025976,0.0,0.0,0.005244755244755245,0.0,0.0,0.0,0.0,0.0,0.3943217665615142,0.2857142857142857,0.0,0.0,0.1875,0.07692307692307693,0.2857142857142857,0.33659705858454536,0.2229965156794425,0.3123287671232877,0.4060606060606061,0.6666666666666666,0.16666666666666666,3
1.0,0.0,0.0,0.0,0.0,0.0,0.0,0.0,0.0,0.0,0.0,0.0,0.0,0.0,0.0,0.0,0.0,0.0,0.020905923344947737,0.0,0.0,0.0,0.0,1
0.42857142857142855,0.032467532467532464,0.0,0.0,0.0,0.0,0.0,0.0,0.0,0.0,0.0,0.16326530612244894,0.0,0.0,0.0,0.0,0.0,0.42605834078166893,0.08013937282229965,0.05753424657534247,0.07272727272727272,0.0,0.08333333333333333,1
0.14285714285714285,0.05844155844155844,0.0,0.3466666666666667,0.08041958041958043,0.0,0.0,0.6818181818181818,0.0,0.0,0.12618296529968456,0.32653061224489793,0.0,0.0,0.0,0.0,0.35714285714285715,0.2913382627772812,0.40069686411149824,0.3808219178082192,0.4424242424242424,0.6666666666666666,0.16666666666666666,0
0.0,0.35064935064935066,0.0,0.2933333333333333,0.0576923076923077,0.0,0.0,0.0,0.0,0.0,0.7413249211356467,0.33673469387755106,0.0,0.0,0.0,0.0,0.6428571428571429,0.3373283497196717,0.4111498257839721,0.7013698630136986,0.5272727272727272,0.3333333333333333,0.16666666666666666,0
0.0,0.045454545454545456,0.0,0.0,0.0034965034965034965,0.0,0.0,0.045454545454545456,0.0,0.5,0.0,0.21428571428571427,0.0,0.0,0.0,0.0,0.14285714285714285,0.34801332574957344,0.1289198606271777,0.19452054794520549,0.17575757575757575,0.0,0.16666666666666666,5
0.42857142857142855,0.032467532467532464,0.0,0.0,0.0017482517482517485,0.0,0.0,0.045454545454545456,0.0,0.5,0.04731861198738172,0.010204081632653059,0.0,0.0,0.0,0.038461538461538464,0.0,0.0,0.05226480836236934,0.03835616438356165,0.07272727272727272,0.3333333333333333,0.0,1
1.0,0.032467532467532464,0.0,0.0,0.017482517482517484,0.0,0.0,0.0,0.0,0.0,0.7649842271293376,0.2959183673469388,0.0,0.0,0.0,0.0,0.2857142857142857,0.3436255789388153,0.11498257839721256,0.336986301369863,0.3515151515151515,0.6666666666666666,0.16666666666666666,2
0.42857142857142855,0.21428571428571427,0.0,0.0,0.008741258741258742,0.0,0.0,0.0,0.0,0.0,0.055205047318611984,0.20408163265306128,0.0,0.0,0.0,0.07692307692307693,0.14285714285714285,0.2946290728853498,0.14285714285714285,0.1506849315068493,0.22424242424242424,0.6666666666666666,0.2083333333333333,2
1.0,0.2012987012987013,0.0,0.02666666666666667,0.015734265734265736,0.0,0.0,0.0,0.0,0.0,0.055205047318611984,0.12244897959183673,0.0,0.0,0.0,0.0,0.21428571428571427,0.3459413342000488,0.08013937282229965,0.2602739726027397,0.3272727272727273,0.6666666666666666,0.16666666666666666,2
0.42857142857142855,0.08441558441558443,0.0,0.0,0.06293706293706294,0.0,0.0,0.045454545454545456,0.0,0.0,0.3864353312302839,0.3163265306122449,0.0,0.0,0.0,0.07692307692307693,0.5,0.27715934021288696,0.3832752613240418,0.5643835616438356,0.5757575757575758,0.6666666666666666,0.16666666666666666,0
1.0,0.1038961038961039,0.0,0.0,0.0017482517482517485,0.0,0.0,0.0,0.0,0.0,0.0,0.17346938775510204,0.0,0.0,0.0,0.0,0.2857142857142857,0.4540505403428943,0.13588850174216027,0.2876712328767123,0.2727272727272727,0.0,0.125,2
0.42857142857142855,0.032467532467532464,0.0,0.0,0.0,0.0,0.0,0.0,0.0,0.0,0.04731861198738172,0.020408163265306117,0.0,0.05,0.0,0.038461538461538464,0.14285714285714285,0.22125619566100602,0.05226480836236934,0.14520547945205478,0.21818181818181812,0.3333333333333333,0.041666666666666664,2
0.42857142857142855,0.03896103896103896,0.0,0.0,0.019230769230769232,0.0,0.0,0.045454545454545456,0.0,0.0,0.03943217665615142,0.33673469387755106,0.0,0.0,0.0,0.0,0.2857142857142857,0.41439830990493215,0.14982578397212545,0.3041095890410959,0.3393939393939394,0.6666666666666666,0.16666666666666666,2
0.42857142857142855,0.11038961038961036,0.0,0.0,0.0017482517482517485,0.0,0.0,0.045454545454545456,0.0,0.0,0.0,0.1836734693877551,0.0,0.1,0.0,0.038461538461538464,0.14285714285714285,0.3228244088729991,0.11846689895470384,0.1643835616438356,0.2363636363636364,0.3333333333333333,0.08333333333333333,2
0.0,0.012987012987012988,0.0,0.0,0.0,0.0,0.0,0.0,0.0,0.0,0.0,0.15306122448979592,0.0,0.0,0.0,0.0,0.07142857142857142,0.21069310148695866,0.07665505226480836,0.0821917808219178,0.09696969696969696,0.0,0.041666666666666664,1
0.0,0.025974025974025976,0.0,0.013333333333333334,0.0017482517482517485,0.0,0.0,0.0,0.0,0.0,0.7413249211356467,0.12244897959183673,0.0,0.0,0.0,0.0,0.0,0.2493702770780857,0.07665505226480836,0.0684931506849315,0.060606060606060615,0.3333333333333333,0.125,3
0.5714285714285714,0.012987012987012988,0.0,0.0,0.0017482517482517485,0.0,0.0,0.045454545454545456,0.0,0.0,0.0,0.0,0.0,0.0,0.0,0.0,1.0985714285714284e-06,0.0,0.020905923344947737,0.010958904109589041,0.01818181818181818,0.0,0.0,1
0.8571428571428571,0.07142857142857142,0.0,0.0,0.0017482517482517485,0.0,0.0,0.0,0.0,0.0,0.13406940063091485,0.040816326530612235,0.0,0.1,0.0,0.07692307692307693,0.14285714285714285,0.8129113512635087,0.13588850174216027,0.18356164383561646,0.2727272727272727,0.6666666666666666,0.041666666666666664,4
0.2857142857142857,0.12987012987012986,0.0,0.0,0.012237762237762238,0.0,0.0,0.045454545454545456,0.0,0.0,0.023659305993690854,0.07142857142857142,0.0,0.1,0.0,0.07692307692307693,0.14285714285714285,0.9771268383846592,0.07317073170731707,0.1643835616438356,0.1696969696969697,0.6666666666666666,0.08333333333333333,4
1.0,0.01948051948051948,0.0,0.0,0.02097902097902098,0.0,0.0,0.045454545454545456,0.0,0.0,0.6151419558359622,0.1326530612244898,0.0,0.0,0.0,0.038461538461538464,0.2857142857142857,0.3148614609571789,0.07665505226480836,0.3068493150684932,0.3757575757575757,0.6666666666666666,0.16666666666666666,2
0.0,0.0,0.0,0.0,0.0,0.0,0.0,0.0,0.0,0.0,0.0,0.0,0.0,0.0,0.0,0.0,0.0,0.0,0.020905923344947737,0.0,0.0,0.0,0.0,1
0.14285714285714285,0.0,0.0,0.0,0.0,0.0,0.0,0.0,0.0,0.0,0.0,0.0,0.0,0.0,0.0,0.0,0.0,0.0,0.020905923344947737,0.0,0.0,0.0,0.0,1
1.0,0.12987012987012986,0.125,0.013333333333333334,0.022727272727272728,0.0,0.0,0.0,0.0,0.0,0.007886435331230283,0.42857142857142855,0.0,0.1,0.0,0.07692307692307693,0.6428571428571429,0.7593645892581458,0.1254355400696864,0.6794520547945205,0.6606060606060606,0.6666666666666666,0.125,4
0.0,0.03896103896103896,0.0,0.02666666666666667,0.04195804195804196,0.0,0.0,0.2727272727272727,0.0,0.0,0.47318611987381703,0.4795918367346938,0.0,0.0,0.0,0.0,0.5714285714285714,0.3784431624278866,0.6550522648083623,0.5726027397260274,0.5272727272727272,0.6666666666666666,0.125,0
0.14285714285714285,0.03896103896103896,0.125,0.09333333333333334,0.09090909090909093,0.0,0.0,0.3181818181818182,0.0,0.0,0.2996845425867508,0.010204081632653059,0.0,0.0,0.0,0.0,0.2857142857142857,0.0,0.0975609756097561,0.336986301369863,0.3333333333333333,0.3333333333333333,0.0,3
0.2857142857142857,0.05844155844155844,0.0,0.05333333333333334,0.008741258741258742,0.0,0.0,0.0,0.0,0.0,0.07886435331230282,0.35714285714285715,0.0,0.25,0.0,0.07692307692307693,0.21428571428571427,0.90481027057772,0.03484320557491289,0.2493150684931507,0.4,1.0,0.2916666666666667,4
0.0,0.3701298701298701,0.125,0.0,0.8846153846153846,0.5,0.5,0.5454545454545454,0.0,0.0,0.019558359621451103,0.6224489795918368,0.0,0.1,0.0,0.038461538461538464,0.8598928571428572,0.2720403022670025,1.0,0.8575342465753425,0.4606060606060606,0.6666666666666666,0.4166666666666667,0
0.14285714285714285,0.025974025974025976,0.0,0.0,0.02097902097902098,0.0,0.0,0.045454545454545456,0.0,1.0,0.0,0.5408163265306123,0.0,0.0,0.0,0.0,0.21428571428571427,0.3498009263021045,0.3170731707317073,0.2493150684931507,0.4060606060606061,0.0,0.16666666666666666,5
0.2857142857142857,0.05844155844155844,0.0,0.12,0.0576923076923077,0.0,0.0,0.13636363636363635,0.0,0.0,0.007886435331230283,0.15306122448979592,0.0,0.0,0.0,0.0,0.42857142857142855,0.27602177622491264,0.4494773519163763,0.4465753424657534,0.3939393939393939,0.6666666666666666,0.125,0
0.2857142857142857,0.21428571428571427,0.0,0.02666666666666667,0.01048951048951049,0.0,0.0,0.0,0.0,0.0,0.13406940063091485,0.2755102040816326,0.0,0.2,0.0,0.07692307692307693,0.2857142857142857,0.9812301941984236,0.2020905923344948,0.2931506849315069,0.3090909090909091,0.6666666666666666,0.16666666666666666,4
0.42857142857142855,0.09090909090909093,0.0,0.0,0.0034965034965034965,0.0,0.0,0.0,0.0,0.5,0.0,0.12244897959183673,0.0,0.0,0.0,0.0,0.0,0.39030632973104734,0.04878048780487805,0.06575342465753424,0.10303030303030304,0.3333333333333333,0.16666666666666666,5
0.42857142857142855,0.11688311688311688,0.0,0.0,0.0,0.0,0.0,0.0,0.0,0.0,0.6782334384858044,0.15306122448979592,0.0,0.05,0.0,0.038461538461538464,0.07142857142857142,0.3264808645486309,0.08362369337979095,0.13972602739726028,0.15757575757575756,0.3333333333333333,0.2083333333333333,2
0.42857142857142855,0.032467532467532464,0.0,0.0,0.008741258741258742,0.0,0.0,0.0,0.0,0.0,0.09463722397476344,0.14285714285714285,0.0,0.0,0.0,0.0,0.14285714285714285,0.2648086454863087,0.10801393728222997,0.18904109589041096,0.2484848484848485,0.6666666666666666,0.08333333333333333,2
0.0,0.032467532467532464,0.0,0.05333333333333334,0.04370629370629369,0.0,0.0,0.13636363636363635,0.25,0.0,0.3509463722397476,0.33673469387755106,0.0,0.3,0.0625,0.07692307692307693,0.24175714285714284,0.25717071585276674,0.15331010452961671,0.2410958904109589,0.30303030303030304,0.6666666666666666,0.4166666666666667,3
0.2857142857142857,0.01948051948051948,0.0,0.0,0.0017482517482517485,0.0,0.0,0.0,0.0,0.0,0.0,0.010204081632653059,0.0,0.0,0.0,0.0,0.0,0.0,0.04529616724738676,0.030136986301369864,0.03636363636363636,0.0,0.0,1
0.5714285714285714,0.03896103896103896,0.0,0.013333333333333334,0.11188811188811187,0.0,0.0,0.045454545454545456,0.0,0.0,0.011829652996845429,0.24489795918367346,0.0,0.25,0.125,0.0,0.6758214285714285,0.2934508816120907,0.686411149825784,0.673972602739726,0.4303030303030303,0.6666666666666666,0.2083333333333333,0
1.0,0.0,0.0,0.0,0.0,0.0,0.0,0.0,0.0,0.0,0.0,0.0,0.0,0.0,0.0,0.0,0.0,0.0,0.020905923344947737,0.0,0.0,0.0,0.0,1
0.2857142857142857,0.6168831168831169,0.0,0.05333333333333334,0.04370629370629369,0.0,0.0,0.13636363636363635,0.0,0.0,0.007886435331230283,0.17346938775510204,0.0,0.2,0.0,0.07692307692307693,0.2857142857142857,0.924473876655562,0.013937282229965157,0.3315068493150685,0.4909090909090909,0.6666666666666666,0.2083333333333333,4
1.0,0.05194805194805195,0.0,0.0,0.012237762237762238,0.0,0.0,0.0,0.0,0.0,0.4100946372239748,0.17346938775510204,0.0,0.0,0.0625,0.19230769230769232,0.35714285714285715,0.2827659055821889,0.2229965156794425,0.3561643835616438,0.4121212121212121,0.6666666666666666,0.125,2
0.2857142857142857,0.045454545454545456,0.0,0.12,0.02972027972027972,1.0,1.0,0.18181818181818185,0.0,0.0,0.18927444794952689,0.5204081632653061,0.0,0.0,0.0,0.0,0.35714285714285715,0.3623547574551069,0.4250871080139373,0.3835616438356164,0.5151515151515151,0.6666666666666666,0.2916666666666667,0
0.2857142857142857,0.24675324675324675,0.0,0.02666666666666667,0.006993006993006993,0.0,0.0,0.0,0.0,0.0,0.01577287066246057,0.21428571428571427,0.5,0.1,0.0,0.07692307692307693,0.2857142857142857,0.8973754773706021,0.0975609756097561,0.3397260273972603,0.3272727272727273,0.6666666666666666,0.16666666666666666,4
0.0,0.0,0.0,0.0,0.0,0.0,0.0,0.0,0.0,0.0,0.0,0.0,0.0,0.0,0.0,0.0,0.0,0.0,0.020905923344947737,0.0,0.0,0.0,0.0,1
0.0,0.07792207792207792,0.0,0.0,0.0034965034965034965,0.0,0.0,0.0,0.0,0.0,0.4495268138801262,0.16326530612244894,0.0,0.0,0.0,0.0,0.14285714285714285,0.33545949459657104,0.1602787456445993,0.1726027397260274,0.2,0.6666666666666666,0.16666666666666666,3
0.8571428571428571,0.05844155844155844,0.0,0.0,0.0017482517482517485,0.0,0.0,0.0,0.0,0.0,0.10252365930599368,0.11224489795918367,0.0,0.1,0.0,0.07692307692307693,0.21428571428571427,0.9544568131957424,0.08362369337979095,0.23013698630136986,0.3818181818181817,0.6666666666666666,0.16666666666666666,4
0.2857142857142857,0.6948051948051948,0.25,0.013333333333333334,0.10664335664335664,0.0,0.0,0.13636363636363635,0.0,0.0,0.16561514195583596,0.35714285714285715,0.0,0.1,0.0,0.07692307692307693,0.35714285714285715,0.9267490046315108,0.1254355400696864,0.4219178082191781,0.5939393939393941,0.6666666666666666,0.25,4
0.0,0.3376623376623377,0.25,0.2933333333333333,0.07342657342657342,0.0,0.0,0.045454545454545456,0.0,0.0,0.527602523659306,0.09183673469387756,0.0,0.1,0.0625,0.038461538461538464,0.35165,0.19980498903063296,0.2264808362369338,0.3506849315068493,0.3818181818181817,0.6666666666666666,0.2916666666666667,3
0.5714285714285714,0.012987012987012988,0.0,0.0,0.0,0.0,0.0,0.0,0.0,0.0,0.0,0.0,0.0,0.0,0.0,0.0,3.022142857142857e-06,0.133663768586983,0.024390243902439025,0.030136986301369864,0.048484848484848485,0.0,0.041666666666666664,1
0.5714285714285714,0.12337662337662338,0.125,0.0,0.050699300699300696,0.0,0.0,0.045454545454545456,0.25,0.0,0.002523659305993691,0.2346938775510204,0.0,0.15,0.0,0.0,0.6043928571428571,0.2907694807832941,0.6759581881533101,0.6027397260273972,0.4424242424242424,0.6666666666666666,0.16666666666666666,0
0.0,0.025974025974025976,0.0,0.0,0.008741258741258742,0.0,0.0,0.0,0.25,0.0,0.01876971608832808,0.12244897959183673,0.0,0.25,0.0,0.0,0.11812857142857144,0.2817908507353539,0.1254355400696864,0.1178082191780822,0.09696969696969696,0.6666666666666666,0.125,3
1.0,0.03896103896103896,0.0,0.0,0.0,0.0,0.0,0.0,0.0,0.0,0.0,0.14285714285714285,0.0,0.0,0.0,0.0,0.0,0.30884862273502883,0.041811846689895474,0.0684931506849315,0.10909090909090907,0.0,0.125,2
0.42857142857142855,0.032467532467532464,0.0,0.04,0.005244755244755245,0.0,0.0,0.0,0.0,0.0,0.0,0.1326530612244898,0.5,0.2,0.0,0.0,0.07142857142857142,0.2427886568619485,0.03484320557491289,0.0904109589041096,0.1393939393939394,0.3333333333333333,0.125,2
1.0,0.06493506493506493,0.0,0.0,0.0,0.0,0.0,0.0,0.0,0.0,0.28391167192429023,0.0,0.0,0.0,0.0,0.07692307692307693,0.0,0.0,0.027874564459930317,0.05753424657534247,0.10909090909090907,0.6666666666666666,0.0,2
0.2857142857142857,0.2077922077922078,0.0,0.0,0.0017482517482517485,0.0,0.0,0.0,0.0,0.0,0.023659305993690854,0.22448979591836726,0.0,0.1,0.0,0.07692307692307693,0.2857142857142857,0.9172015925895832,0.14634146341463414,0.3315068493150685,0.4848484848484849,0.6666666666666666,0.125,4
0.0,0.03896103896103896,0.0,0.06666666666666668,0.008741258741258742,0.0,0.0,0.0,0.0,0.0,0.004574132492113564,0.17346938775510204,0.0,0.05,0.125,0.038461538461538464,0.31044285714285713,0.2612740716665313,0.3344947735191638,0.3095890410958904,0.2303030303030303,0.3333333333333333,0.08333333333333333,3
0.42857142857142855,0.006493506493506494,0.0,0.0,0.0,0.0,0.0,0.0,0.0,0.0,0.0,0.0,0.0,0.0,0.0,0.0,0.0,0.0,0.020905923344947737,0.0027397260273972607,0.006060606060606061,0.0,0.0,1
0.5714285714285714,0.03896103896103896,0.0,0.0,0.015734265734265736,0.0,0.0,0.0,0.0,0.0,0.0,0.051020408163265314,0.0,0.0,0.0,0.0,0.21977857142857146,0.2445356301291948,0.2787456445993031,0.2191780821917808,0.2,0.0,0.041666666666666664,1
0.2857142857142857,0.21428571428571427,0.0,0.02666666666666667,0.01048951048951049,0.0,0.0,0.0,0.0,0.0,0.08675078864353312,0.33673469387755106,0.0,0.15,0.0,0.07692307692307693,0.2857142857142857,0.9169984561631592,0.2020905923344948,0.2931506849315069,0.3090909090909091,0.6666666666666666,0.125,4
1.0,0.0,0.0,0.0,0.0,0.0,0.0,0.0,0.0,0.0,0.0,0.0,0.0,0.0,0.0,0.0,0.0,0.0,0.020905923344947737,0.0,0.0,0.0,0.0,1
0.2857142857142857,0.07142857142857142,0.0,0.0,0.0,0.0,0.0,0.0,0.0,0.0,0.16561514195583596,0.20408163265306128,0.0,0.2,0.0,0.07692307692307693,0.21428571428571427,0.9947997074835458,0.1010452961672474,0.2602739726027397,0.3333333333333333,0.6666666666666666,0.16666666666666666,4
0.2857142857142857,0.0,0.0,0.0,0.0,0.0,0.0,0.0,0.0,0.0,0.0,0.0,0.0,0.0,0.0,0.0,0.0,0.0,0.020905923344947737,0.0,0.0,0.0,0.0,1
0.0,0.032467532467532464,0.0,0.0,0.0017482517482517485,0.0,0.0,0.045454545454545456,0.0,0.0,0.014511041009463726,0.22448979591836726,0.0,0.1,0.125,0.0,0.15384285714285714,0.2726497115462745,0.11149825783972124,0.15342465753424658,0.21212121212121213,0.6666666666666666,0.2083333333333333,3
0.0,0.0,0.0,0.0,0.0,0.0,0.0,0.0,0.0,0.0,0.0,0.0,0.0,0.0,0.0,0.0,0.0,0.0,0.020905923344947737,0.0,0.0,0.0,0.0,1
0.2857142857142857,0.0,0.0,0.0,0.0,0.0,0.0,0.0,0.0,0.0,0.0,0.0,0.0,0.0,0.0,0.0,0.0,0.0,0.020905923344947737,0.0,0.0,0.0,0.0,1
1.0,0.12987012987012986,0.0,0.0,0.005244755244755245,0.0,0.0,0.0,0.0,0.0,0.8675078864353313,0.14285714285714285,0.0,0.1,0.0,0.038461538461538464,0.2857142857142857,0.3314373933533761,0.11498257839721256,0.32602739726027397,0.34545454545454546,0.3333333333333333,0.125,2
1.0,0.045454545454545456,0.0,0.0,0.0576923076923077,0.0,0.0,0.045454545454545456,0.0,0.0,0.4968454258675079,0.3163265306122449,0.0,0.0,0.0,0.038461538461538464,0.42857142857142855,0.34776956203786463,0.21602787456446,0.4849315068493151,0.4848484848484849,0.6666666666666666,0.2083333333333333,2
0.0,0.032467532467532464,0.0,0.0,0.0,0.0,0.0,0.0,1.0,0.0,0.009779179810725552,0.0,0.0,0.15,0.0,0.038461538461538464,4.395714285714285e-06,0.0,0.03832752613240418,0.04383561643835617,0.054545454545454536,0.6666666666666666,0.0,3
0.0,0.045454545454545456,0.0,0.04,0.012237762237762238,0.0,0.0,0.0,0.0,0.0,0.3072555205047319,0.1326530612244898,0.0,0.05,0.375,0.0,0.1730785714285714,0.252904850897863,0.13240418118466898,0.1726027397260274,0.18787878787878787,0.6666666666666666,0.2083333333333333,3
0.42857142857142855,0.16233766233766234,0.0,0.0,0.0,0.0,0.0,0.0,0.0,0.0,0.15772870662460567,0.040816326530612235,0.0,0.05,0.0,0.038461538461538464,0.07142857142857142,0.3826277728122207,0.024390243902439025,0.10684931506849316,0.16363636363636366,0.3333333333333333,0.041666666666666664,2
0.2857142857142857,0.2857142857142857,0.0,0.0,0.0,0.0,0.0,0.0,0.0,0.0,0.0,0.0,0.0,0.0,0.0,0.0,0.35714285714285715,0.0,0.2543554006968641,0.3561643835616438,0.4424242424242424,0.0,0.0,1
0.2857142857142857,0.2272727272727273,0.0,0.02666666666666667,0.006993006993006993,0.0,0.0,0.045454545454545456,0.0,0.5,0.0,0.22448979591836726,0.0,0.1,0.0,0.038461538461538464,0.21428571428571427,0.31177378727553423,0.2195121951219512,0.2136986301369863,0.3393939393939394,0.0,0.16666666666666666,5
0.0,0.012987012987012988,0.0,0.0,0.013986013986013986,0.0,0.5,0.09090909090909093,0.0,0.0,0.4996845425867508,0.1836734693877551,0.0,0.05,0.0,0.038461538461538464,0.13461428571428571,0.2843097424230113,0.07317073170731707,0.13424657534246576,0.21818181818181812,0.6666666666666666,0.2083333333333333,3
0.0,0.025974025974025976,0.0,0.0,0.0017482517482517485,0.0,0.0,0.045454545454545456,0.25,0.0,0.0,0.020408163265306117,0.0,0.0,0.0,0.0,3.296428571428572e-06,0.0,0.020905923344947737,0.03287671232876712,0.042424242424242434,0.0,0.0,1
0.0,0.14935064935064934,0.125,0.04,0.08216783216783216,0.0,1.0,0.3181818181818182,0.0,0.5,0.0,0.32653061224489793,0.0,0.0,0.0,0.0,0.21428571428571427,0.31165190541967985,0.05226480836236934,0.2273972602739726,0.29696969696969705,0.0,0.3333333333333333,5
1.0,0.0974025974025974,0.0,0.0,0.0,0.0,0.0,0.0,0.0,0.0,0.4495268138801262,0.1326530612244898,0.0,0.0,0.0,0.07692307692307693,0.2857142857142857,0.24652636710814985,0.1010452961672474,0.3068493150684932,0.3272727272727273,0.6666666666666666,0.16666666666666666,2
0.0,0.0,0.0,0.0,0.0017482517482517485,0.0,0.0,0.045454545454545456,0.0,0.0,0.0,0.0,0.0,0.0,0.0,0.0,0.0,0.0,0.020905923344947737,0.0,0.0,0.0,0.0,1
0.14285714285714285,0.045454545454545456,0.0,0.0,0.03146853146853147,0.0,0.0,0.13636363636363635,0.0,0.0,0.1971608832807571,0.15306122448979592,0.0,0.0,0.0,0.0,0.2857142857142857,0.35276671812789473,0.264808362369338,0.3479452054794521,0.42424242424242425,0.6666666666666666,0.16666666666666666,3
0.5714285714285714,0.08441558441558443,0.0,0.0,0.0017482517482517485,0.0,0.0,0.045454545454545456,0.0,0.0,0.0,0.1836734693877551,0.0,0.0,0.0,0.0,0.07142857142857142,0.3522791907044771,0.04529616724738676,0.13424657534246576,0.2,0.0,0.08333333333333333,1
0.42857142857142855,0.0,0.0,0.0,0.0,0.0,0.0,0.0,0.0,0.5,0.0,0.0,0.0,0.0,0.0,0.0,0.0,0.0,0.020905923344947737,0.0,0.0,0.0,0.0,1
0.42857142857142855,0.045454545454545456,0.25,0.0,0.30594405594405594,0.0,0.0,0.18181818181818185,0.0,0.0,0.01577287066246057,0.2346938775510204,0.0,0.0,0.0,0.0,0.35714285714285715,0.34569757048834004,0.4320557491289199,0.3643835616438356,0.3696969696969697,0.6666666666666666,0.125,0
0.2857142857142857,0.2012987012987013,0.0,0.0,0.0,0.0,0.0,0.0,0.0,0.0,0.01577287066246057,0.1836734693877551,0.0,0.15,0.0,0.07692307692307693,0.14285714285714285,0.983383440318518,0.0627177700348432,0.1589041095890411,0.21212121212121213,0.6666666666666666,0.16666666666666666,4
0.42857142857142855,0.05194805194805195,0.0,0.0,0.05244755244755245,0.0,0.5,0.0,0.0,1.0,0.5599369085173501,0.2551020408163265,0.0,0.0,0.5,0.0,0.42857142857142855,0.2738279028195336,0.1010452961672474,0.4684931506849315,0.6242424242424243,0.6666666666666666,0.2083333333333333,5
0.0,0.0,0.0,0.0,0.0,0.0,0.0,0.0,0.0,0.0,0.0,0.0,0.0,0.0,0.0,0.0,0.0,0.0,0.020905923344947737,0.0,0.0,0.0,0.0,1
0.0,0.006493506493506494,0.0,0.0,0.013986013986013986,0.0,0.0,0.09090909090909093,0.0,0.0,0.0,0.0,0.0,0.0,0.0,0.0,2.75e-07,0.0,0.020905923344947737,0.0027397260273972607,0.006060606060606061,0.0,0.0,1
0.42857142857142855,0.025974025974025976,0.125,0.0,0.045454545454545456,0.0,0.0,0.2272727272727273,0.0,0.0,0.01577287066246057,0.6428571428571429,0.0,0.05,0.0,0.038461538461538464,0.2857142857142857,0.3303810839359714,0.3693379790940767,0.3041095890410959,0.3575757575757576,0.3333333333333333,0.2916666666666667,0
0.0,0.045454545454545456,0.0,0.0,0.02797202797202797,0.0,0.0,0.18181818181818185,0.0,0.0,0.06861198738170346,0.9693877551020408,0.5,0.3,0.25,0.0,0.4615357142857143,0.20000812545705696,0.4041811846689896,0.4602739726027397,0.3515151515151515,0.6666666666666666,1.0,0
0.14285714285714285,0.0,0.0,0.0,0.0,0.0,0.0,0.0,0.0,0.0,0.0,0.0,0.0,0.0,0.0,0.0,0.0,0.0,0.020905923344947737,0.0,0.0,0.0,0.0,1
0.0,0.05194805194805195,0.0,0.04,0.03146853146853147,0.0,0.0,0.18181818181818185,0.0,0.0,0.6545741324921136,0.030612244897959183,0.0,0.05,0.0,0.038461538461538464,0.2033,0.13228244088729993,0.2543554006968641,0.2027397260273973,0.3212121212121212,0.3333333333333333,0.08333333333333333,3
0.42857142857142855,0.2532467532467532,0.0,0.0,0.0017482517482517485,0.0,0.0,0.045454545454545456,0.0,0.0,0.7097791798107256,0.3877551020408163,0.0,0.0,0.0,0.07692307692307693,0.5714285714285714,0.2663524823271309,0.6306620209059234,0.5972602739726027,0.5212121212121212,0.6666666666666666,0.125,0
0.2857142857142857,0.025974025974025976,0.0,0.0,0.012237762237762238,0.0,0.0,0.13636363636363635,0.0,0.0,0.0,0.3163265306122449,0.0,0.0,0.0,0.0,0.21428571428571427,0.28800682538392786,0.10801393728222997,0.2328767123287671,0.30303030303030304,0.3333333333333333,0.2083333333333333,2
0.5714285714285714,0.3831168831168831,0.0,0.02666666666666667,0.022727272727272728,0.0,0.0,0.0,0.0,0.0,0.7211356466876971,0.17346938775510204,0.0,0.05,0.0625,0.038461538461538464,0.3406571428571428,0.29438530917364103,0.1602787456445993,0.3397260273972603,0.3515151515151515,0.6666666666666666,0.16666666666666666,2
0.2857142857142857,0.14285714285714285,0.0,0.08,0.01048951048951049,0.0,0.0,0.0,0.0,0.0,0.007886435331230283,0.4183673469387755,0.0,0.15,0.0,0.1153846153846154,0.2857142857142857,0.0,0.3902439024390244,0.35342465753424657,0.4303030303030303,0.6666666666666666,0.125,0
0.0,0.032467532467532464,0.0,0.04,0.012237762237762238,0.0,0.0,0.045454545454545456,0.0,0.0,0.0,0.051020408163265314,0.0,0.0,0.0,0.0,0.19505714285714285,0.18270090192573327,0.11846689895470384,0.19452054794520549,0.3151515151515151,0.0,0.08333333333333333,1
0.42857142857142855,0.09090909090909093,0.0,0.0,0.005244755244755245,0.0,0.0,0.0,0.0,0.0,0.6624605678233438,0.19387755102040816,0.0,0.0,0.0,0.0,0.21428571428571427,0.3187616803445193,0.16376306620209058,0.26301369863013696,0.3696969696969697,0.6666666666666666,0.2083333333333333,3
0.2857142857142857,0.045454545454545456,0.0,0.013333333333333334,0.006993006993006993,0.0,0.0,0.045454545454545456,0.0,0.0,0.06309148264984228,0.32653061224489793,0.5,0.0,0.0,0.0,0.21428571428571427,0.3313967660680913,0.1010452961672474,0.2767123287671233,0.4060606060606061,0.6666666666666666,0.25,3
0.42857142857142855,0.07142857142857142,0.0,0.0,0.01048951048951049,0.0,0.0,0.045454545454545456,0.0,0.0,0.3154574132492113,0.30612244897959184,0.0,0.1,0.0,0.038461538461538464,0.21428571428571427,0.30385146664499885,0.07665505226480836,0.2821917808219178,0.3212121212121212,0.3333333333333333,0.125,2
0.8571428571428571,0.2662337662337662,0.0,0.10666666666666667,0.017482517482517484,0.0,0.0,0.0,0.0,0.0,0.07097791798107256,0.4183673469387755,0.0,0.1,0.0,0.07692307692307693,0.35714285714285715,0.9367433168115706,0.1916376306620209,0.4191780821917808,0.4666666666666667,0.6666666666666666,0.2916666666666667,4
1.0,0.032467532467532464,0.0,0.013333333333333334,0.005244755244755245,0.0,0.0,0.0,0.0,0.0,0.055205047318611984,0.20408163265306128,0.0,0.0,0.0,0.0,0.21428571428571427,0.3288372470951491,0.055749128919860634,0.2493150684931507,0.3636363636363637,0.6666666666666666,0.2083333333333333,2
0.2857142857142857,0.1038961038961039,0.0,0.0,0.019230769230769232,0.0,0.0,0.045454545454545456,0.0,0.0,0.0,0.3877551020408163,0.5,0.0,0.0,0.0,0.2857142857142857,0.0,0.11149825783972124,0.3068493150684932,0.3818181818181817,0.6666666666666666,0.2083333333333333,3
0.2857142857142857,0.2077922077922078,0.0,0.013333333333333334,0.0017482517482517485,0.0,0.0,0.0,0.0,0.0,0.04731861198738172,0.1326530612244898,0.0,0.0,0.0,0.0,0.07142857142857142,0.3486227350288454,0.03484320557491289,0.1232876712328767,0.18787878787878787,0.3333333333333333,0.16666666666666666,2
0.42857142857142855,0.08441558441558443,0.125,0.02666666666666667,0.07167832167832168,0.0,0.0,0.0,0.0,0.0,0.26025236593059936,0.33673469387755106,0.0,0.0,0.0,0.0,0.5714285714285714,0.3365158040139758,0.6132404181184669,0.5780821917808219,0.5454545454545454,0.6666666666666666,0.16666666666666666,0
0.42857142857142855,0.0,0.0,0.0,0.0,0.0,0.0,0.0,0.0,0.0,0.0,0.0,0.0,0.0,0.0,0.0,0.0,0.0,0.020905923344947737,0.0,0.0,0.0,0.0,1
0.0,0.006493506493506494,0.0,0.0,0.0,0.0,0.0,0.0,0.0,0.0,0.0,0.0,0.0,0.0,0.0,0.0,2.75e-07,0.0,0.020905923344947737,0.0027397260273972607,0.006060606060606061,0.0,0.0,1
0.0,0.16883116883116886,0.0,0.0,0.0,0.0,0.0,0.0,0.0,0.0,0.3943217665615142,0.14285714285714285,0.0,0.0,0.0,0.0,0.21428571428571427,0.3660518404160234,0.21602787456446,0.24383561643835616,0.2545454545454545,0.6666666666666666,0.125,3
0.42857142857142855,0.03896103896103896,0.0,0.0,0.0034965034965034965,0.0,0.0,0.0,0.0,0.0,0.0,0.11224489795918367,0.0,0.05,0.0,0.038461538461538464,0.07142857142857142,0.3023888843747461,0.04529616724738676,0.0904109589041096,0.13333333333333333,0.3333333333333333,0.08333333333333333,2
0.0,0.01948051948051948,0.0,0.013333333333333334,0.0034965034965034965,0.0,0.0,0.045454545454545456,0.0,0.0,0.11372239747634068,0.051020408163265314,0.0,0.1,0.0,0.0,4.395714285714285e-06,0.15393678394409688,0.027874564459930317,0.04383561643835617,0.07878787878787878,0.3333333333333333,0.16666666666666666,1
0.42857142857142855,0.14285714285714285,0.0,0.10666666666666667,0.022727272727272728,0.0,0.0,0.0,0.0,0.0,0.583596214511041,0.1836734693877551,0.0,0.0,0.0,0.0,0.2857142857142857,0.3201023807589177,0.4320557491289199,0.3397260273972603,0.3212121212121212,0.6666666666666666,0.16666666666666666,3
0.2857142857142857,0.07142857142857142,0.0,0.02666666666666667,0.008741258741258742,0.0,0.0,0.0,0.0,0.0,0.11561514195583596,0.22448979591836726,0.0,0.2,0.0,0.07692307692307693,0.21428571428571427,0.9297554237425856,0.08362369337979095,0.2657534246575343,0.3212121212121212,1.0,0.25,4
0.2857142857142857,0.461038961038961,0.0,0.0,0.02097902097902098,0.0,0.0,0.0,0.0,0.0,0.031545741324921134,0.35714285714285715,0.0,0.15,0.0,0.07692307692307693,0.5,0.7813845778825059,0.09059233449477352,0.536986301369863,0.5454545454545454,0.6666666666666666,0.125,4
0.0,0.13636363636363635,0.0,0.013333333333333334,0.04895104895104895,0.0,0.0,0.045454545454545456,0.0,0.0,0.033753943217665616,0.11224489795918367,0.0,0.05,0.375,0.0,0.31593571428571426,0.2744779393840904,0.20905923344947736,0.3150684931506849,0.2909090909090909,0.3333333333333333,0.16666666666666666,3
0.5714285714285714,0.3376623376623377,0.0,0.0,0.033216783216783216,0.0,0.0,0.0,0.0,0.0,0.01750788643533123,0.1326530612244898,0.0,0.15,0.0,0.0,0.2664857142857143,0.28565044283740965,0.24738675958188155,0.2657534246575343,0.28484848484848485,0.3333333333333333,0.16666666666666666,2
0.42857142857142855,0.0,0.0,0.0,0.0,0.0,0.0,0.0,0.0,1.0,0.0,0.0,0.0,0.0,0.0,0.0,0.0,0.0,0.020905923344947737,0.0,0.0,0.0,0.0,5
0.42857142857142855,0.13636363636363635,0.0,0.0,0.0,0.0,0.0,0.0,0.0,0.0,0.0,0.1020408163265306,0.0,0.0,0.0,0.0,0.07142857142857142,0.28666612496952953,0.156794425087108,0.136986301369863,0.2424242424242425,0.0,0.08333333333333333,1
0.2857142857142857,0.3701298701298701,0.0,0.0,0.04195804195804196,0.0,0.0,0.09090909090909093,0.0,0.0,0.031545741324921134,0.33673469387755106,0.0,0.05,0.0,0.0,0.35714285714285715,0.939465344925652,0.0,0.3616438356164384,0.6,0.3333333333333333,0.16666666666666666,4
0.42857142857142855,0.045454545454545456,0.0,0.0,0.005244755244755245,0.0,0.0,0.0,0.0,0.0,0.0,0.0,0.0,0.0,0.0,0.0,0.0,0.0,0.027874564459930317,0.03835616438356165,0.06666666666666668,0.0,0.0,1
0.0,0.006493506493506494,0.0,0.0,0.0,0.0,0.0,0.0,0.0,0.0,0.0,0.0,0.0,0.0,0.0,0.0,0.0,0.0,0.020905923344947737,0.0027397260273972607,0.006060606060606061,0.0,0.0,1
0.5714285714285714,0.11038961038961036,0.0,0.0,0.0017482517482517485,0.0,0.0,0.045454545454545456,0.0,0.0,0.0017350157728706626,0.030612244897959183,0.0,0.05,0.0,0.038461538461538464,0.0851642857142857,0.21987486796132288,0.0627177700348432,0.08493150684931508,0.09090909090909093,0.3333333333333333,0.25,2
0.42857142857142855,0.032467532467532464,0.0,0.0,0.0034965034965034965,0.0,0.0,0.0,0.0,0.0,0.0,0.4591836734693878,0.0,0.1,0.0,0.038461538461538464,0.35714285714285715,0.3541074185422929,0.4494773519163763,0.4164383561643836,0.496969696969697,0.3333333333333333,0.2083333333333333,0
0.0,0.0,0.0,0.0,0.0,0.0,0.0,0.0,0.0,0.0,0.0,0.0,0.0,0.0,0.0,0.0,0.0,0.0,0.020905923344947737,0.0,0.0,0.0,0.0,1
0.42857142857142855,0.0,0.0,0.0,0.0,0.0,0.0,0.0,0.0,0.0,0.0,0.0,0.0,0.0,0.0,0.0,0.0,0.0,0.020905923344947737,0.0,0.0,0.0,0.0,1
1.0,0.025974025974025976,0.0,0.0,0.017482517482517484,0.0,0.0,0.0,0.0,0.5,0.0,0.010204081632653059,0.0,0.0,0.0,0.0,0.14285714285714285,0.0,0.07665505226480836,0.15342465753424658,0.2909090909090909,0.3333333333333333,0.0,2
0.5714285714285714,0.2207792207792208,0.125,0.0,0.07867132867132867,0.0,0.0,0.0,0.0,0.0,0.025709779179810724,0.12244897959183673,0.0,0.1,0.0,0.0,0.3818714285714285,0.2856910701226944,0.14634146341463414,0.3808219178082192,0.3575757575757576,0.6666666666666666,0.16666666666666666,2
0.2857142857142857,0.05194805194805195,0.0,0.06666666666666668,0.012237762237762238,0.0,0.0,0.0,0.0,0.5,0.031545741324921134,0.19387755102040816,0.0,0.1,0.0,0.07692307692307693,0.35714285714285715,0.2625741447956447,0.20557491289198607,0.4219178082191781,0.4606060606060606,0.3333333333333333,0.16666666666666666,5
1.0,0.03896103896103896,0.0,0.0,0.0,0.0,0.0,0.0,0.0,0.0,0.0,0.061224489795918366,0.0,0.0,0.0,0.038461538461538464,0.07142857142857142,0.2959697732997481,0.05226480836236934,0.12054794520547946,0.18181818181818185,0.3333333333333333,0.125,2
0.42857142857142855,0.03896103896103896,0.0,0.0,0.0,0.0,0.0,0.0,0.0,0.0,0.0,0.15306122448979592,0.0,0.1,0.0,0.038461538461538464,0.21428571428571427,0.3197773624766393,0.0940766550522648,0.2575342465753425,0.34545454545454546,0.3333333333333333,0.125,2
0.42857142857142855,0.07142857142857142,0.125,0.0,0.017482517482517484,0.0,0.0,0.045454545454545456,0.0,0.0,0.01577287066246057,0.3469387755102041,0.0,0.1,0.0,0.038461538461538464,0.14285714285714285,0.2218656049402779,0.0627177700348432,0.1726027397260274,0.2606060606060606,0.3333333333333333,0.2916666666666667,2
0.42857142857142855,0.12987012987012986,0.0,0.06666666666666668,0.013986013986013986,0.0,0.0,0.0,0.0,0.0,0.0,0.051020408163265314,0.0,0.0,0.0,0.0,0.07142857142857142,0.0,0.11498257839721256,0.10684931506849316,0.15757575757575756,0.0,0.0,1
0.42857142857142855,0.01948051948051948,0.0,0.0,0.0,0.0,0.0,0.0,0.0,0.0,0.6309148264984227,0.0,0.0,0.0,0.0,0.0,0.0,0.0,0.04878048780487805,0.0410958904109589,0.042424242424242434,0.3333333333333333,0.0,1
0.2857142857142857,0.03896103896103896,0.0,0.013333333333333334,0.0017482517482517485,0.0,0.0,0.0,0.0,0.0,0.2417981072555205,0.14285714285714285,0.0,0.55,0.0,0.038461538461538464,0.21428571428571427,0.3353376127407167,0.15331010452961671,0.2575342465753425,0.2545454545454545,1.0,0.16666666666666666,3
1.0,0.14285714285714285,0.0,0.0,0.0,0.0,0.0,0.0,0.0,0.0,0.3154574132492113,0.16326530612244894,0.0,0.05,0.0,0.038461538461538464,0.14285714285714285,0.2811408141707971,0.16376306620209058,0.20821917808219176,0.2606060606060606,0.3333333333333333,0.08333333333333333,2
0.8571428571428571,0.2077922077922078,0.0,0.08,0.012237762237762238,0.0,0.0,0.0,0.0,0.0,0.0,0.19387755102040816,0.0,0.1,0.0,0.0,0.14285714285714285,0.2876005525310799,0.1602787456445993,0.1506849315068493,0.22424242424242424,0.3333333333333333,0.2083333333333333,2
0.42857142857142855,0.045454545454545456,0.0,0.0,0.0017482517482517485,0.0,0.0,0.045454545454545456,0.0,0.5,0.0,0.040816326530612235,0.0,0.0,0.0,0.0,0.0,0.131063622328756,0.041811846689895474,0.019178082191780826,0.042424242424242434,0.0,0.041666666666666664,1
0.2857142857142857,0.032467532467532464,0.0,0.0,0.0,0.0,0.0,0.0,0.0,0.0,0.0,0.010204081632653059,0.0,0.0,0.0,0.0,0.0,0.0,0.04878048780487805,0.024657534246575345,0.03636363636363636,0.0,0.0,1
0.8571428571428571,0.0,0.0,0.0,0.0,0.0,0.0,0.0,0.0,0.0,0.0,0.0,0.0,0.0,0.0,0.0,0.0,0.0,0.020905923344947737,0.0,0.0,0.0,0.0,1
0.0,0.045454545454545456,0.0,0.0,0.0034965034965034965,0.0,0.0,0.0,0.25,0.0,0.3162460567823344,0.09183673469387756,0.0,0.1,0.0,0.07692307692307693,0.18406428571428574,0.2960510278703177,0.1254355400696864,0.18356164383561646,0.16363636363636366,0.6666666666666666,0.125,3
1.0,0.032467532467532464,0.0,0.04,0.026223776223776224,0.5,0.5,0.0,0.0,0.0,0.5047318611987381,0.3775510204081632,0.0,0.0,0.0,0.0,0.42857142857142855,0.28264402372633457,0.3484320557491289,0.4438356164383562,0.5515151515151515,0.6666666666666666,0.25,0
0.2857142857142857,0.35064935064935066,0.0,0.0,0.0017482517482517485,0.0,0.0,0.0,0.0,0.0,0.031545741324921134,0.5918367346938775,0.0,0.1,0.0,0.07692307692307693,0.2857142857142857,0.0,0.0975609756097561,0.3506849315068493,0.5212121212121212,0.6666666666666666,0.25,0
0.0,0.0,0.0,0.0,0.0,0.0,0.0,0.0,0.0,0.0,0.0,0.0,0.0,0.0,0.0,0.0,0.0,0.0,0.020905923344947737,0.0,0.0,0.0,0.0,1
0.0,0.025974025974025976,0.0,0.013333333333333334,0.0034965034965034965,0.0,0.0,0.045454545454545456,0.0,0.0,0.00473186119873817,0.11224489795918367,0.0,0.1,0.125,0.0,0.2582428571428572,0.27455919395465994,0.2926829268292683,0.2575342465753425,0.2727272727272727,0.6666666666666666,0.25,3
0.42857142857142855,0.16883116883116886,0.0,0.0,0.0034965034965034965,0.0,0.0,0.045454545454545456,0.0,0.0,0.5599369085173501,0.22448979591836726,0.0,0.0,0.0,0.0,0.2857142857142857,0.31226131469895185,0.3937282229965157,0.336986301369863,0.3757575757575757,0.6666666666666666,0.2083333333333333,3
0.0,0.01948051948051948,0.0,0.0,0.01048951048951049,0.0,0.0,0.0,0.0,0.0,0.0028391167192429023,0.0,0.0,0.1,0.1875,0.0,0.07692142857142857,0.07276346794507192,0.05226480836236934,0.07671232876712329,0.09696969696969696,0.6666666666666666,0.08333333333333333,3
0.42857142857142855,0.045454545454545456,0.0,0.013333333333333334,0.005244755244755245,0.0,0.0,0.0,0.0,0.0,0.06309148264984228,0.1020408163265306,0.0,1.0,0.0,0.1153846153846154,0.14285714285714285,0.25818639798488663,0.2299651567944251,0.1726027397260274,0.22424242424242424,0.3333333333333333,0.16666666666666666,2
1.0,0.03896103896103896,0.0,0.0,0.0,0.0,0.0,0.0,0.0,0.0,0.09463722397476344,0.061224489795918366,0.0,0.0,0.0,0.038461538461538464,0.07142857142857142,0.2965385552937353,0.07665505226480836,0.0958904109589041,0.13333333333333333,0.3333333333333333,0.041666666666666664,2
0.5714285714285714,0.032467532467532464,0.0,0.0,0.13111888111888112,0.0,0.0,0.6363636363636364,0.0,0.0,0.0,0.2653061224489796,0.0,0.0,0.0,0.0,0.6428571428571429,0.3223368814495816,0.7177700348432056,0.663013698630137,0.7636363636363637,0.3333333333333333,0.125,0
0.2857142857142857,0.07792207792207792,0.0,0.0,0.0,0.0,0.0,0.0,0.0,0.0,0.031545741324921134,0.16326530612244894,0.0,0.1,0.0,0.038461538461538464,0.14285714285714285,0.9691232631835541,0.041811846689895474,0.1863013698630137,0.2727272727272727,0.3333333333333333,0.16666666666666666,4
0.42857142857142855,0.0,0.0,0.0,0.0,0.0,0.0,0.0,0.0,0.0,0.0,0.0,0.0,0.0,0.0,0.0,0.0,0.0,0.020905923344947737,0.0,0.0,0.0,0.0,1
0.8571428571428571,0.16233766233766234,0.0,0.013333333333333334,0.0017482517482517485,0.0,0.0,0.0,0.0,0.0,0.08675078864353312,0.3163265306122449,0.0,0.1,0.0,0.07692307692307693,0.35714285714285715,0.9680669537661494,0.3554006968641115,0.3808219178082192,0.3878787878787879,0.6666666666666666,0.16666666666666666,4
0.42857142857142855,0.0,0.0,0.0,0.0,0.0,0.0,0.0,0.0,0.0,0.0,0.0,0.0,0.0,0.0,0.0,0.0,0.0,0.020905923344947737,0.0,0.0,0.0,0.0,1
0.0,0.2272727272727273,0.0,0.14666666666666667,0.04195804195804196,0.0,0.0,0.18181818181818185,0.0,0.0,0.5283911671924291,0.8163265306122449,0.0,0.0,0.0,0.0,0.6428571428571429,0.30884862273502883,0.6724738675958188,0.6465753424657534,0.5575757575757576,0.6666666666666666,0.2083333333333333,0
0.0,0.012987012987012988,0.0,0.0,0.0034965034965034965,0.0,0.0,0.045454545454545456,0.0,0.0,0.0,0.0,0.0,0.0,0.0625,0.0,1.0985714285714284e-06,0.0,0.024390243902439025,0.010958904109589041,0.01818181818181818,0.0,0.0,1
1.0,0.16883116883116886,0.0,0.0,0.05419580419580418,0.0,0.0,0.13636363636363635,0.0,0.0,0.01577287066246057,0.2551020408163265,0.0,0.2,0.0,0.038461538461538464,0.35714285714285715,0.2966198098643049,0.3902439024390244,0.3616438356164384,0.3515151515151515,0.3333333333333333,0.08333333333333333,2
1.0,0.05844155844155844,0.0,0.02666666666666667,0.03496503496503497,0.0,0.0,0.045454545454545456,0.0,0.0,0.7570977917981073,0.3775510204081632,0.0,0.1,0.0,0.038461538461538464,0.21428571428571427,0.2725278296904201,0.28919860627177696,0.2356164383561644,0.3393939393939394,0.3333333333333333,0.16666666666666666,2
0.2857142857142857,0.07142857142857142,0.0,0.0,0.0,0.0,0.0,0.0,0.0,0.0,0.09463722397476344,0.2755102040816326,0.5,0.0,0.0,0.0,0.14285714285714285,0.3461850979117576,0.06620209059233449,0.2027397260273973,0.2,0.6666666666666666,0.2083333333333333,3
0.2857142857142857,0.03896103896103896,0.0,0.12,0.026223776223776224,0.0,0.0,0.2727272727272727,0.0,0.0,0.07097791798107256,0.3775510204081632,0.0,0.15,0.0,1.0,0.8571428571428571,0.9733078735678882,0.8850174216027874,0.8958904109589041,0.4060606060606061,0.6666666666666666,0.16666666666666666,0
0.5714285714285714,0.512987012987013,0.0,0.0,0.10664335664335664,0.0,0.0,0.2727272727272727,0.0,0.0,0.023659305993690854,0.5,0.0,0.0,0.0,0.0,0.5714285714285714,0.3310717477858129,0.7212543554006968,0.5698630136986301,0.7212121212121212,0.6666666666666666,0.16666666666666666,0
0.2857142857142857,0.18181818181818185,0.0,0.0,0.0,0.0,0.0,0.0,0.0,0.0,0.023659305993690854,0.1020408163265306,0.0,0.1,0.0,0.07692307692307693,0.21428571428571427,1.0,0.06968641114982578,0.2465753424657534,0.34545454545454546,0.6666666666666666,0.125,4
0.2857142857142857,0.012987012987012988,0.0,0.0,0.0,0.0,0.0,0.0,0.0,0.0,0.031545741324921134,0.11224489795918367,0.0,0.05,0.0,0.038461538461538464,0.07142857142857142,0.0,0.10801393728222997,0.0958904109589041,0.1696969696969697,0.3333333333333333,0.08333333333333333,1
0.14285714285714285,0.032467532467532464,0.0,0.0,0.017482517482517484,0.0,0.0,0.045454545454545456,0.0,0.0,0.2365930599369085,0.1020408163265306,0.0,0.0,0.0,0.0,0.14285714285714285,0.3949378402535143,0.2264808362369338,0.1917808219178082,0.18787878787878787,0.6666666666666666,0.125,3
0.42857142857142855,0.032467532467532464,0.0,0.0,0.0017482517482517485,0.0,0.0,0.0,0.0,0.0,0.0,0.1326530612244898,0.0,0.0,0.0,0.0,0.0,0.3642642398634923,0.08362369337979095,0.06027397260273973,0.10303030303030304,0.3333333333333333,0.2083333333333333,2
0.42857142857142855,0.012987012987012988,0.0,0.0,0.0,0.0,0.0,0.0,0.0,0.0,0.0,0.1020408163265306,0.0,0.25,0.0,0.038461538461538464,0.07142857142857142,0.3163646705127164,0.14634146341463414,0.136986301369863,0.2,0.3333333333333333,0.08333333333333333,2
0.14285714285714285,0.06493506493506493,0.0,0.08,0.026223776223776224,0.0,0.0,0.045454545454545456,0.0,0.0,0.0,0.22448979591836726,0.0,0.0,0.0,0.0,0.21428571428571427,0.2871536523929472,0.10452961672473868,0.2191780821917808,0.26666666666666666,0.3333333333333333,0.125,3
0.0,0.3636363636363637,0.0,0.22666666666666666,0.06643356643356642,0.0,0.0,0.2727272727272727,0.0,0.0,0.0,0.0,0.0,0.0,0.0,0.0,0.21428571428571427,0.0,0.14634146341463414,0.2328767123287671,0.2484848484848485,0.0,0.0,1
0.5714285714285714,0.12337662337662338,0.0,0.0,0.0,0.0,0.0,0.0,0.0,0.0,0.167192429022082,0.12244897959183673,0.0,0.15,0.0,0.0,0.17582142857142855,0.20350207199154954,0.07665505226480836,0.17534246575342466,0.19393939393939394,0.6666666666666666,0.125,2
0.42857142857142855,0.24025974025974026,0.125,0.0,0.0017482517482517485,0.0,0.0,0.0,0.0,0.0,0.6861198738170348,0.3163265306122449,0.0,0.0,0.0,0.07692307692307693,0.35714285714285715,0.3123425692695214,0.4181184668989547,0.3753424657534247,0.4545454545454545,0.6666666666666666,0.3333333333333333,0
1.0,0.025974025974025976,0.0,0.013333333333333334,0.008741258741258742,0.0,0.0,0.045454545454545456,0.0,0.0,0.1813880126182965,0.17346938775510204,0.0,0.0,0.0,0.0,0.14285714285714285,0.33659705858454536,0.041811846689895474,0.1589041095890411,0.21212121212121213,0.6666666666666666,0.16666666666666666,2
0.8571428571428571,0.05844155844155844,0.0,0.0,0.0017482517482517485,0.0,0.0,0.0,0.0,0.0,0.04731861198738172,0.08163265306122447,0.0,0.2,0.0,0.07692307692307693,0.21428571428571427,0.9021288697489236,0.08362369337979095,0.23013698630136986,0.3818181818181817,0.6666666666666666,0.125,4
0.14285714285714285,0.012987012987012988,0.0,0.0,0.0,0.0,0.0,0.0,0.0,0.0,0.0,0.0,0.0,0.0,0.0,0.0,0.0,0.0,0.03484320557491289,0.024657534246575345,0.042424242424242434,0.0,0.0,1
0.0,0.0,0.0,0.0,0.0,0.0,0.0,0.0,0.0,0.0,0.0,0.0,0.0,0.0,0.0,0.0,0.0,0.0,0.020905923344947737,0.0,0.0,0.0,0.0,1
0.42857142857142855,0.07142857142857142,0.0,0.0,0.02097902097902098,0.0,0.0,0.0,0.0,0.0,0.4100946372239748,0.30612244897959184,0.0,0.0,0.0,0.07692307692307693,0.35714285714285715,0.2740310392459576,0.3414634146341464,0.3917808219178082,0.496969696969697,0.6666666666666666,0.2916666666666667,0
0.5714285714285714,0.045454545454545456,0.0,0.013333333333333334,0.022727272727272728,0.0,0.0,0.09090909090909093,0.0,0.0,0.0017350157728706626,0.16326530612244894,0.0,0.1,0.0,0.07692307692307693,0.4175857142857143,0.08328593483383441,0.2961672473867596,0.4164383561643836,0.3333333333333333,0.6666666666666666,0.3333333333333333,2
1.0,0.44805194805194803,0.0,0.48,0.12237762237762236,0.0,0.0,0.045454545454545456,0.0,0.0,0.6703470031545742,0.16326530612244894,0.0,0.0,0.0,0.07692307692307693,0.5,0.2694401560087755,0.6202090592334495,0.5150684931506849,0.5878787878787879,0.6666666666666666,0.16666666666666666,0
0.42857142857142855,0.7077922077922078,0.0,0.0,0.0034965034965034965,0.0,0.0,0.0,0.0,0.0,0.01577287066246057,0.15306122448979592,0.0,0.05,0.0,0.038461538461538464,0.2857142857142857,0.3409441781100187,0.3623693379790941,0.3506849315068493,0.4484848484848485,0.3333333333333333,0.16666666666666666,0
1.0,0.07792207792207792,0.0,0.0,0.02972027972027972,0.0,0.0,0.045454545454545456,0.0,0.0,0.18927444794952689,0.15306122448979592,0.0,0.05,0.0,0.038461538461538464,0.21428571428571427,0.3320874299179329,0.2334494773519164,0.2219178082191781,0.2363636363636364,0.3333333333333333,0.125,2
0.5714285714285714,0.05844155844155844,0.0,0.0,0.03671328671328671,0.0,0.0,0.09090909090909093,0.0,0.0,0.0,0.17346938775510204,0.0,0.0,0.0,0.0,0.5412071428571429,0.08239213455756887,0.6829268292682927,0.5397260273972603,0.3757575757575757,0.0,0.16666666666666666,0
0.5714285714285714,0.0,0.0,0.0,0.0,0.0,0.0,0.0,0.0,0.0,0.0,0.0,0.0,0.0,0.0,0.0,0.0,0.0,0.020905923344947737,0.0,0.0,0.0,0.0,1
0.14285714285714285,0.07142857142857142,0.0,0.013333333333333334,0.005244755244755245,0.0,0.0,0.13636363636363635,0.0,0.5,0.01577287066246057,0.21428571428571427,0.0,0.0,0.0,0.0,0.21428571428571427,0.29865117412854475,0.2508710801393728,0.2136986301369863,0.2606060606060606,0.3333333333333333,0.2083333333333333,5
0.42857142857142855,0.17532467532467533,0.0,0.0,0.008741258741258742,0.0,0.0,0.0,0.0,0.0,0.09463722397476344,0.2857142857142857,0.0,0.05,0.0,0.038461538461538464,0.35714285714285715,0.0,0.4668989547038328,0.3671232876712329,0.5030303030303029,0.3333333333333333,0.125,0
1.0,0.03896103896103896,0.0,0.0,0.0,0.0,0.0,0.0,0.0,0.0,0.07097791798107256,0.12244897959183673,0.0,0.0,0.0,0.07692307692307693,0.07142857142857142,0.2881693345250671,0.04878048780487805,0.08767123287671233,0.1393939393939394,0.6666666666666666,0.16666666666666666,2
0.0,0.032467532467532464,0.0,0.22666666666666666,0.05944055944055944,0.0,0.0,0.13636363636363635,0.0,0.0,0.0,0.0,0.0,0.0,0.0,0.0,0.14285714285714285,0.0,0.15331010452961671,0.1780821917808219,0.21212121212121213,0.0,0.0,1
0.0,0.11688311688311688,0.0,0.0,0.012237762237762238,0.0,0.0,0.045454545454545456,0.0,0.0,0.5337539432176657,0.040816326530612235,0.0,0.1,0.25,0.038461538461538464,0.1511,0.2098399284959779,0.15331010452961671,0.1506849315068493,0.17575757575757575,0.6666666666666666,0.041666666666666664,3
0.0,0.032467532467532464,0.0,0.0,0.013986013986013986,0.0,0.0,0.0,0.0,0.0,0.0,0.051020408163265314,0.0,0.0,0.0,0.0,0.0989,0.2522954416185911,0.11846689895470384,0.09863013698630137,0.1393939393939394,0.0,0.08333333333333333,1
0.5714285714285714,0.032467532467532464,0.0,0.0,0.0017482517482517485,0.0,0.0,0.0,0.0,0.0,0.005047318611987382,0.08163265306122447,0.0,0.15,0.0625,0.19230769230769232,0.09615714285714286,0.33074672950353456,0.05923344947735192,0.0958904109589041,0.12121212121212124,0.6666666666666666,0.125,2
1.0,0.07142857142857142,0.0,0.0,0.0,0.0,0.0,0.0,0.0,0.0,0.2365930599369085,0.15306122448979592,0.0,0.0,0.0,0.07692307692307693,0.14285714285714285,0.3343219306085968,0.0627177700348432,0.1863013698630137,0.2787878787878788,0.6666666666666666,0.2083333333333333,2
0.14285714285714285,0.0,0.0,0.0,0.0,0.0,0.0,0.0,0.0,0.0,0.0,0.0,0.0,0.0,0.0,0.0,0.0,0.0,0.020905923344947737,0.0,0.0,0.0,0.0,1
0.2857142857142857,0.4415584415584416,0.0,0.0,0.28321678321678323,0.0,0.0,0.3636363636363637,0.0,0.0,0.023659305993690854,1.0,0.0,0.0,0.0,0.0,1.0,0.0,0.9198606271777005,1.0,1.0,0.6666666666666666,0.25,0
0.5714285714285714,0.0,0.0,0.0,0.0,0.0,0.0,0.0,0.0,0.0,0.0,0.0,0.0,0.0,0.0,0.0,0.0,0.0,0.020905923344947737,0.0,0.0,0.0,0.0,1
0.42857142857142855,0.13636363636363635,0.0,0.0,0.0017482517482517485,0.0,0.0,0.0,0.0,0.0,0.04731861198738172,0.2551020408163265,0.0,0.05,0.0,0.038461538461538464,0.14285714285714285,0.3256276915576501,0.18466898954703834,0.14794520547945206,0.22424242424242424,0.3333333333333333,0.25,2
